nitin,1689,0.0,0.0,369360,4276,?,SLl,14:13,0:00,/usr/bin/gnome-keyring-daemon,--daemonize,--login
nitin,1700,0.0,0.1,394716,9968,?,Ssl,14:13,0:00,gnome-session,--session=ubuntu
nitin,1735,0.0,0.0,12568,316,?,Ss,14:13,0:00,/usr/bin/ssh-agent,/usr/bin/dbus-launch,--exit-with-session,gnome-session,--session=ubuntu
nitin,1738,0.0,0.0,26560,540,?,S,14:13,0:00,/usr/bin/dbus-launch,--exit-with-session,gnome-session,--session=ubuntu
nitin,1739,0.2,0.0,25524,2604,?,Ss,14:13,0:05,//bin/dbus-daemon,--fork,--print-pid,5,--print-address,7,--session
nitin,1748,0.0,0.2,828072,18612,?,Sl,14:13,0:00,/usr/lib/gnome-settings-daemon/gnome-settings-daemon
nitin,1757,0.0,0.0,52384,2468,?,S,14:13,0:00,/usr/lib/gvfs/gvfsd
nitin,1759,0.0,0.0,207908,2816,?,Sl,14:13,0:00,/usr/lib/gvfs//gvfs-fuse-daemon,-f,/home/nitin/.gvfs
nitin,1768,1.6,1.0,1070000,84584,?,Sl,14:13,0:29,compiz
nitin,1771,0.0,0.0,57724,3496,?,S,14:13,0:00,/usr/lib/x86_64-linux-gnu/gconf/gconfd-2
nitin,1777,0.0,0.0,20184,940,?,S,14:13,0:01,syndaemon,-i,2.0,-K,-R,-t
nitin,1782,0.0,0.0,363028,6356,?,S<l,14:13,0:00,/usr/bin/pulseaudio,--start,--log-target=syslog
nitin,1785,0.0,0.0,95956,2992,?,S,14:13,0:00,/usr/lib/pulseaudio/pulse/gconf-helper
nitin,1787,0.0,0.0,46460,2528,?,S,14:13,0:00,/usr/lib/gvfs/gvfsd-metadata
nitin,1788,0.2,0.4,1450240,37848,?,Sl,14:13,0:03,nautilus,-n
nitin,1789,0.0,0.2,559772,16588,?,Sl,14:13,0:00,nm-applet
nitin,1790,0.0,0.1,455132,8684,?,Sl,14:13,0:00,/usr/lib/gnome-settings-daemon/gnome-fallback-mount-helper
nitin,1791,0.0,0.1,307596,8592,?,Sl,14:13,0:00,/usr/lib/policykit-1-gnome/polkit-gnome-authentication-agent-1
nitin,1792,0.0,0.1,426296,12416,?,Sl,14:13,0:00,bluetooth-applet
nitin,1810,0.0,0.0,70440,3796,?,S,14:13,0:00,/usr/lib/gvfs/gvfs-gdu-volume-monitor
nitin,1821,0.0,0.0,142088,2520,?,Sl,14:13,0:00,/usr/lib/gvfs/gvfs-afc-volume-monitor
nitin,1824,0.0,0.0,60340,2500,?,S,14:13,0:00,/usr/lib/gvfs/gvfs-gphoto2-volume-monitor
nitin,1826,0.0,0.0,57128,3304,?,S,14:13,0:00,/usr/lib/gvfs/gvfsd-trash,--spawner,:1.6,/org/gtk/gvfs/exec_spaw/0
nitin,1828,0.0,0.1,392860,9972,?,Sl,14:13,0:00,/usr/lib/bamf/bamfdaemon
nitin,1836,0.0,0.1,353780,14132,?,Sl,14:13,0:00,/usr/lib/notify-osd/notify-osd
nitin,1839,0.0,0.0,4400,612,?,Ss,14:13,0:00,/bin/sh,-c,/usr/bin/compiz-decorator
nitin,1840,0.0,0.1,481796,12100,?,Sl,14:13,0:00,/usr/bin/gtk-window-decorator
nitin,1856,0.0,0.0,52412,2624,?,S,14:13,0:00,/usr/lib/gvfs/gvfsd-burn,--spawner,:1.6,/org/gtk/gvfs/exec_spaw/1
nitin,1858,0.0,0.1,310188,9836,?,Sl,14:13,0:00,/usr/bin/gnome-screensaver,--no-daemon
nitin,1864,0.8,0.3,530812,29088,?,Sl,14:13,0:15,/usr/lib/unity/unity-panel-service
nitin,1866,0.0,0.1,637852,8844,?,Sl,14:13,0:01,/usr/lib/indicator-appmenu/hud-service
nitin,1880,0.0,0.1,423836,10156,?,Sl,14:13,0:00,/usr/lib/indicator-printers/indicator-printers-service
nitin,1882,0.0,0.0,529812,6932,?,Sl,14:13,0:00,/usr/lib/indicator-sound/indicator-sound-service
nitin,1884,0.0,0.0,560872,5092,?,Sl,14:13,0:00,/usr/lib/indicator-application/indicator-application-service
nitin,1886,0.0,0.0,646608,6616,?,Sl,14:13,0:00,/usr/lib/indicator-messages/indicator-messages-service
nitin,1896,0.0,0.0,631012,7444,?,Sl,14:13,0:00,/usr/lib/indicator-datetime/indicator-datetime-service
nitin,1899,0.0,0.0,668024,6344,?,Sl,14:13,0:00,/usr/lib/indicator-session/indicator-session-service
nitin,1939,0.0,0.0,47884,2716,?,S,14:13,0:00,/usr/lib/geoclue/geoclue-master
nitin,1944,0.0,0.0,254796,6004,?,Sl,14:13,0:00,/usr/lib/ubuntu-geoip/ubuntu-geoip-provider
nitin,1952,0.0,0.1,331868,9256,?,Sl,14:13,0:00,/usr/lib/gnome-disk-utility/gdu-notification-daemon
nitin,1957,0.0,0.0,262088,2752,?,Sl,14:13,0:00,/usr/lib/dconf/dconf-service
nitin,1962,0.0,0.1,429496,11024,?,Sl,14:13,0:00,telepathy-indicator
nitin,1969,0.0,0.0,321320,6764,?,Sl,14:13,0:00,/usr/lib/telepathy/mission-control-5
nitin,1974,0.0,0.1,400240,13792,?,Sl,14:13,0:00,/usr/lib/gnome-online-accounts/goa-daemon
nitin,1979,0.0,0.0,417800,6072,?,Sl,14:13,0:00,zeitgeist-datahub
nitin,1986,0.0,0.0,348260,4992,?,Sl,14:13,0:00,/usr/bin/zeitgeist-daemon
nitin,1994,0.0,0.1,245704,9264,?,Sl,14:13,0:00,/usr/lib/zeitgeist/zeitgeist-fts
nitin,1996,0.0,0.0,11384,352,?,S,14:13,0:00,/bin/cat
nitin,2005,0.0,0.2,678704,17996,?,Sl,14:13,0:00,/usr/bin/gnome-terminal,-x,/bin/sh,-c,cd,'/home/nitin/Desktop/MINOR_PROJECT/LOG_PARSER',&&,exec,$SHELL
nitin,2011,0.0,0.0,14788,836,?,S,14:13,0:00,gnome-pty-helper
nitin,2012,0.0,0.0,28572,5652,pts/1,Ss+,14:13,0:00,/bin/bash
nitin,2085,0.0,0.4,410836,38828,?,Sl,14:13,0:00,/usr/bin/python,/usr/lib/ubuntuone-client/ubuntuone-syncdaemon
nitin,2124,0.0,0.1,407124,12800,?,Sl,14:14,0:00,update-notifier
nitin,2142,0.0,0.1,564132,11492,?,Sl,14:14,0:00,/usr/lib/unity-lens-applications/unity-applications-daemon
nitin,2146,0.0,0.0,811064,6440,?,Sl,14:14,0:00,/usr/lib/unity-lens-files/unity-files-daemon
nitin,2147,0.0,0.1,738276,8232,?,Sl,14:14,0:00,/usr/lib/unity-lens-music/unity-music-daemon
nitin,2149,0.0,0.2,449332,16144,?,Sl,14:14,0:00,/usr/bin/python,/usr/lib/unity-lens-video/unity-lens-video
nitin,2200,0.0,0.2,553504,21216,?,Sl,14:14,0:00,/usr/bin/python,/usr/lib/unity-scope-video-remote/unity-scope-video-remote
nitin,2202,0.0,0.0,586416,4372,?,Sl,14:14,0:00,/usr/lib/unity-lens-music/unity-musicstore-daemon
nitin,2219,0.3,0.4,1063700,35392,?,Sl,14:14,0:06,/opt/sublime_text/sublime_text,/home/nitin/Desktop/MINOR_PROJECT/LOG_PARSER/logs/VERSION
nitin,2234,0.0,0.2,305572,18196,?,Sl,14:14,0:00,/opt/sublime_text/plugin_host,2219
nitin,2265,0.0,0.0,289496,3720,?,Sl,14:15,0:00,/usr/lib/deja-dup/deja-dup/deja-dup-monitor
nitin,2712,0.0,0.0,4400,608,?,Ss,14:43,0:00,/bin/sh,-c,python,/home/nitin/Desktop/MINOR_PROJECT/LOG_PARSER/parser.py
nitin,2713,0.0,0.0,39028,6236,?,S,14:43,0:00,python,/home/nitin/Desktop/MINOR_PROJECT/LOG_PARSER/parser.py
nitin,2714,0.0,0.0,22360,1260,?,R,14:43,0:00,ps,aux
Karthik,14221,14.2,6.3,4288240,529776,??,S,1:58AM,5:39.22,/Applications/Google,Chrome.app/Contents/Versions/41.0.2272.104/Google,Chrome,Helper.app/Contents/MacOS/Google,Chrome,Helper,--type=renderer,--enable-deferred-image-decoding,--lang=en-US,--force-fieldtrials=CTRequiredForEVTrial/RequirementEnforced/ChromeSuggestions/Default/DomRel-Enable/enable/EmbeddedSearch/Group15,pct:1f,stable:pp2,prefetch_results:1,reuse_instant_search_base_page:1/EnhancedBookmarks/Default/ExtensionContentVerification/Enforce/ExtensionInstallVerification/None/FlashHardwareVideoDecode/Disabled/GoogleNow/Enable/NewProfileManagement/Enabled/OmniboxBundledExperimentV1/NewSuggestType_A6_Stable_R2/PasswordGeneration/Disabled/PasswordManagerUI/Infobar/PrerenderFromOmnibox/OmniboxPrerenderEnabled/QUIC/Disabled/RefreshTokenDeviceId/Disabled/RememberCertificateErrorDecisions/Default/SafeBrowsingIncidentReportingService/Default/SettingsEnforcement/no_enforcement/UMA-Dynamic-Binary-Uniformity-Trial/default/UMA-Dynamic-Uniformity-Trial/Group3/UMA-Population-Restrict/normal/UMA-Uniformity-Trial-1-Percent/group_67/UMA-Uniformity-Trial-10-Percent/group_03/UMA-Uniformity-Trial-100-Percent/group_01/UMA-Uniformity-Trial-20-Percent/group_03/UMA-Uniformity-Trial-5-Percent/group_05/UMA-Uniformity-Trial-50-Percent/default/UwSInterstitialStatus/On/VoiceTrigger/Install/WebRTC-IPv6Default/Disabled/,--enable-offline-auto-reload,--enable-offline-auto-reload-visible-only,--enable-pinch-virtual-viewport,--enable-delegated-renderer,--num-raster-threads=1,--disable-accelerated-video-decode,--channel=327.264.752776835
Karthik,14184,11.9,1.8,3149396,152940,??,S,1:55AM,5:54.24,/Applications/VLC.app/Contents/MacOS/VLC
Karthik,472,7.3,6.5,5193504,542516,??,S,Thu11AM,85:17.97,/Applications/Google,Chrome.app/Contents/Versions/41.0.2272.104/Google,Chrome,Helper.app/Contents/MacOS/Google,Chrome,Helper,--type=gpu-process,--channel=327.0.789911081,--supports-dual-gpus=true,--gpu-driver-bug-workarounds=11,13,22,26,36,37,40,45,51,--disable-accelerated-video-decode,--gpu-vendor-id=0x10de,--gpu-device-id=0x0fd5,--gpu-driver-vendor,--gpu-driver-version
Karthik,14969,7.1,0.1,2478872,6324,s000,S+,8:40AM,0:00.07,python,parser.py
Karthik,7177,5.7,2.2,3603272,187828,??,S,3:15PM,43:13.71,/Applications/Google,Chrome.app/Contents/Versions/41.0.2272.104/Google,Chrome,Helper.app/Contents/MacOS/Google,Chrome,Helper,--type=renderer,--enable-deferred-image-decoding,--lang=en-US,--force-fieldtrials=CTRequiredForEVTrial/RequirementEnforced/ChromeSuggestions/Default/DomRel-Enable/enable/EmbeddedSearch/Group15,pct:1f,stable:pp2,prefetch_results:1,reuse_instant_search_base_page:1/EnhancedBookmarks/Default/ExtensionContentVerification/Enforce/ExtensionInstallVerification/None/FlashHardwareVideoDecode/Disabled/GoogleNow/Enable/NewProfileManagement/Enabled/OmniboxBundledExperimentV1/NewSuggestType_A6_Stable_R2/PasswordGeneration/Disabled/PrerenderFromOmnibox/OmniboxPrerenderEnabled/QUIC/Disabled/RefreshTokenDeviceId/Disabled/RememberCertificateErrorDecisions/Default/SafeBrowsingIncidentReportingService/Default/SettingsEnforcement/no_enforcement/UMA-Dynamic-Binary-Uniformity-Trial/default/UMA-Dynamic-Uniformity-Trial/Group3/UMA-Population-Restrict/normal/UMA-Uniformity-Trial-1-Percent/group_67/UMA-Uniformity-Trial-10-Percent/group_03/UMA-Uniformity-Trial-100-Percent/group_01/UMA-Uniformity-Trial-20-Percent/group_03/UMA-Uniformity-Trial-5-Percent/group_05/UMA-Uniformity-Trial-50-Percent/default/UwSInterstitialStatus/On/VoiceTrigger/Install/WebRTC-IPv6Default/Disabled/,--enable-offline-auto-reload,--enable-offline-auto-reload-visible-only,--enable-pinch-virtual-viewport,--enable-delegated-renderer,--num-raster-threads=1,--disable-accelerated-video-decode,--channel=327.116.1711686754
Karthik,327,4.2,2.1,5138804,176636,??,S,Thu11AM,60:27.17,/Applications/Google,Chrome.app/Contents/MacOS/Google,Chrome,-psn_0_36873
Karthik,571,3.8,1.0,4310328,80112,??,S,Thu11AM,107:38.97,/Applications/Google,Chrome.app/Contents/Versions/41.0.2272.104/Google,Chrome,Helper.app/Contents/MacOS/Google,Chrome,Helper,--type=ppapi,--channel=327.28.1069558120,--ppapi-flash-args,--lang=en-US
Karthik,506,2.0,1.1,3559052,95056,??,S,Thu11AM,7:22.62,/Applications/Google,Chrome.app/Contents/Versions/41.0.2272.104/Google,Chrome,Helper.app/Contents/MacOS/Google,Chrome,Helper,--type=renderer,--enable-deferred-image-decoding,--lang=en-US,--force-fieldtrials=CTRequiredForEVTrial/RequirementEnforced/ChromeSuggestions/Default/DomRel-Enable/enable/EmbeddedSearch/Group15,pct:1f,stable:pp2,prefetch_results:1,reuse_instant_search_base_page:1/EnhancedBookmarks/Default/ExtensionContentVerification/Enforce/ExtensionInstallVerification/None/GoogleNow/Enable/NewProfileManagement/Enabled/OmniboxBundledExperimentV1/NewSuggestType_A6_Stable_R2/PasswordGeneration/Disabled/QUIC/Disabled/RefreshTokenDeviceId/Disabled/RememberCertificateErrorDecisions/Default/SafeBrowsingIncidentReportingService/Default/SettingsEnforcement/no_enforcement/UMA-Dynamic-Binary-Uniformity-Trial/default/UMA-Dynamic-Uniformity-Trial/Group3/UMA-Population-Restrict/normal/UMA-Uniformity-Trial-1-Percent/group_67/UMA-Uniformity-Trial-10-Percent/group_03/UMA-Uniformity-Trial-100-Percent/group_01/UMA-Uniformity-Trial-20-Percent/group_03/UMA-Uniformity-Trial-5-Percent/group_05/UMA-Uniformity-Trial-50-Percent/default/UwSInterstitialStatus/On/VoiceTrigger/Install/WebRTC-IPv6Default/Disabled/,--enable-offline-auto-reload,--enable-offline-auto-reload-visible-only,--enable-pinch-virtual-viewport,--enable-delegated-renderer,--num-raster-threads=1,--disable-accelerated-video-decode,--channel=327.12.70693
Karthik,10103,0.8,2.0,4174028,169480,??,S,7:47PM,8:24.94,/Applications/Google,Chrome.app/Contents/Versions/41.0.2272.104/Google,Chrome,Helper.app/Contents/MacOS/Google,Chrome,Helper,--type=renderer,--enable-deferred-image-decoding,--lang=en-US,--force-fieldtrials=CTRequiredForEVTrial/RequirementEnforced/ChromeSuggestions/Default/DomRel-Enable/enable/EmbeddedSearch/Group15,pct:1f,stable:pp2,prefetch_results:1,reuse_instant_search_base_page:1/EnhancedBookmarks/Default/ExtensionContentVerification/Enforce/ExtensionInstallVerification/None/FlashHardwareVideoDecode/Disabled/GoogleNow/Enable/NewProfileManagement/Enabled/OmniboxBundledExperimentV1/NewSuggestType_A6_Stable_R2/PasswordGeneration/Disabled/PasswordManagerUI/Infobar/PrerenderFromOmnibox/OmniboxPrerenderEnabled/QUIC/Disabled/RefreshTokenDeviceId/Disabled/RememberCertificateErrorDecisions/Default/SafeBrowsingIncidentReportingService/Default/SettingsEnforcement/no_enforcement/UMA-Dynamic-Binary-Uniformity-Trial/default/UMA-Dynamic-Uniformity-Trial/Group3/UMA-Population-Restrict/normal/UMA-Uniformity-Trial-1-Percent/group_67/UMA-Uniformity-Trial-10-Percent/group_03/UMA-Uniformity-Trial-100-Percent/group_01/UMA-Uniformity-Trial-20-Percent/group_03/UMA-Uniformity-Trial-5-Percent/group_05/UMA-Uniformity-Trial-50-Percent/default/UwSInterstitialStatus/On/VoiceTrigger/Install/WebRTC-IPv6Default/Disabled/,--enable-offline-auto-reload,--enable-offline-auto-reload-visible-only,--enable-pinch-virtual-viewport,--enable-delegated-renderer,--num-raster-threads=1,--disable-accelerated-video-decode,--channel=327.177.2038974704
Karthik,11491,0.6,0.3,2740004,23392,??,U,9:40PM,0:29.31,/Applications/Utilities/Terminal.app/Contents/MacOS/Terminal
Karthik,533,0.4,0.8,3496056,64660,??,S,Thu11AM,7:02.29,/Applications/Google,Chrome.app/Contents/Versions/41.0.2272.104/Google,Chrome,Helper.app/Contents/MacOS/Google,Chrome,Helper,--type=renderer,--enable-deferred-image-decoding,--lang=en-US,--force-fieldtrials=CTRequiredForEVTrial/RequirementEnforced/ChromeSuggestions/Default/DomRel-Enable/enable/EmbeddedSearch/Group15,pct:1f,stable:pp2,prefetch_results:1,reuse_instant_search_base_page:1/EnhancedBookmarks/Default/ExtensionContentVerification/Enforce/ExtensionInstallVerification/None/GoogleNow/Enable/NewProfileManagement/Enabled/OmniboxBundledExperimentV1/NewSuggestType_A6_Stable_R2/PasswordGeneration/Disabled/QUIC/Disabled/RefreshTokenDeviceId/Disabled/RememberCertificateErrorDecisions/Default/SafeBrowsingIncidentReportingService/Default/SettingsEnforcement/no_enforcement/UMA-Dynamic-Binary-Uniformity-Trial/default/UMA-Dynamic-Uniformity-Trial/Group3/UMA-Population-Restrict/normal/UMA-Uniformity-Trial-1-Percent/group_67/UMA-Uniformity-Trial-10-Percent/group_03/UMA-Uniformity-Trial-100-Percent/group_01/UMA-Uniformity-Trial-20-Percent/group_03/UMA-Uniformity-Trial-5-Percent/group_05/UMA-Uniformity-Trial-50-Percent/default/UwSInterstitialStatus/On/VoiceTrigger/Install/WebRTC-IPv6Default/Disabled/,--enable-offline-auto-reload,--enable-offline-auto-reload-visible-only,--enable-pinch-virtual-viewport,--enable-delegated-renderer,--num-raster-threads=1,--disable-accelerated-video-decode,--channel=327.17.1987077123
Karthik,332,0.3,1.6,3505428,133700,??,S,Thu11AM,2:29.70,/System/Library/CoreServices/Finder.app/Contents/MacOS/Finder
Karthik,574,0.3,1.3,3460732,105200,??,S,Thu11AM,1:51.86,/Applications/Google,Chrome.app/Contents/Versions/41.0.2272.104/Google,Chrome,Helper.app/Contents/MacOS/Google,Chrome,Helper,--type=renderer,--enable-deferred-image-decoding,--lang=en-US,--force-fieldtrials=CTRequiredForEVTrial/RequirementEnforced/ChromeSuggestions/Default/DomRel-Enable/enable/EmbeddedSearch/Group15,pct:1f,stable:pp2,prefetch_results:1,reuse_instant_search_base_page:1/EnhancedBookmarks/Default/ExtensionContentVerification/Enforce/ExtensionInstallVerification/None/FlashHardwareVideoDecode/Disabled/GoogleNow/Enable/NewProfileManagement/Enabled/OmniboxBundledExperimentV1/NewSuggestType_A6_Stable_R2/PasswordGeneration/Disabled/PrerenderFromOmnibox/OmniboxPrerenderEnabled/QUIC/Disabled/RefreshTokenDeviceId/Disabled/RememberCertificateErrorDecisions/Default/SafeBrowsingIncidentReportingService/Default/SettingsEnforcement/no_enforcement/UMA-Dynamic-Binary-Uniformity-Trial/default/UMA-Dynamic-Uniformity-Trial/Group3/UMA-Population-Restrict/normal/UMA-Uniformity-Trial-1-Percent/group_67/UMA-Uniformity-Trial-10-Percent/group_03/UMA-Uniformity-Trial-100-Percent/group_01/UMA-Uniformity-Trial-20-Percent/group_03/UMA-Uniformity-Trial-5-Percent/group_05/UMA-Uniformity-Trial-50-Percent/default/UwSInterstitialStatus/On/VoiceTrigger/Install/WebRTC-IPv6Default/Disabled/,--enable-offline-auto-reload,--enable-offline-auto-reload-visible-only,--enable-pinch-virtual-viewport,--enable-delegated-renderer,--num-raster-threads=1,--disable-accelerated-video-decode,--channel=327.31.324133004
Karthik,7249,0.2,0.8,3449480,68148,??,S,3:23PM,3:41.42,/Applications/Google,Chrome.app/Contents/Versions/41.0.2272.104/Google,Chrome,Helper.app/Contents/MacOS/Google,Chrome,Helper,--type=renderer,--enable-deferred-image-decoding,--lang=en-US,--force-fieldtrials=CTRequiredForEVTrial/RequirementEnforced/ChromeSuggestions/Default/DomRel-Enable/enable/EmbeddedSearch/Group15,pct:1f,stable:pp2,prefetch_results:1,reuse_instant_search_base_page:1/EnhancedBookmarks/Default/ExtensionContentVerification/Enforce/ExtensionInstallVerification/None/FlashHardwareVideoDecode/Disabled/GoogleNow/Enable/NewProfileManagement/Enabled/OmniboxBundledExperimentV1/NewSuggestType_A6_Stable_R2/PasswordGeneration/Disabled/PrerenderFromOmnibox/OmniboxPrerenderEnabled/QUIC/Disabled/RefreshTokenDeviceId/Disabled/RememberCertificateErrorDecisions/Default/SafeBrowsingIncidentReportingService/Default/SettingsEnforcement/no_enforcement/UMA-Dynamic-Binary-Uniformity-Trial/default/UMA-Dynamic-Uniformity-Trial/Group3/UMA-Population-Restrict/normal/UMA-Uniformity-Trial-1-Percent/group_67/UMA-Uniformity-Trial-10-Percent/group_03/UMA-Uniformity-Trial-100-Percent/group_01/UMA-Uniformity-Trial-20-Percent/group_03/UMA-Uniformity-Trial-5-Percent/group_05/UMA-Uniformity-Trial-50-Percent/default/UwSInterstitialStatus/On/VoiceTrigger/Install/WebRTC-IPv6Default/Disabled/,--enable-offline-auto-reload,--enable-offline-auto-reload-visible-only,--enable-pinch-virtual-viewport,--enable-delegated-renderer,--num-raster-threads=1,--disable-accelerated-video-decode,--channel=327.121.1353172247
Karthik,11452,0.2,0.6,2948780,47800,??,U,9:38PM,3:57.54,/Applications/Sublime,Text.app/Contents/MacOS/Sublime,Text
Karthik,594,0.2,0.1,3423404,12020,??,S,Thu11AM,4:30.05,/Applications/Google,Chrome.app/Contents/Versions/41.0.2272.104/Google,Chrome,Helper.app/Contents/MacOS/Google,Chrome,Helper,--type=renderer,--enable-deferred-image-decoding,--lang=en-US,--force-fieldtrials=CTRequiredForEVTrial/RequirementEnforced/ChromeSuggestions/Default/DomRel-Enable/enable/EmbeddedSearch/Group15,pct:1f,stable:pp2,prefetch_results:1,reuse_instant_search_base_page:1/EnhancedBookmarks/Default/ExtensionContentVerification/Enforce/ExtensionInstallVerification/None/FlashHardwareVideoDecode/Disabled/GoogleNow/Enable/NewProfileManagement/Enabled/OmniboxBundledExperimentV1/NewSuggestType_A6_Stable_R2/PasswordGeneration/Disabled/PrerenderFromOmnibox/OmniboxPrerenderEnabled/QUIC/Disabled/RefreshTokenDeviceId/Disabled/RememberCertificateErrorDecisions/Default/SafeBrowsingIncidentReportingService/Default/SettingsEnforcement/no_enforcement/UMA-Dynamic-Binary-Uniformity-Trial/default/UMA-Dynamic-Uniformity-Trial/Group3/UMA-Population-Restrict/normal/UMA-Uniformity-Trial-1-Percent/group_67/UMA-Uniformity-Trial-10-Percent/group_03/UMA-Uniformity-Trial-100-Percent/group_01/UMA-Uniformity-Trial-20-Percent/group_03/UMA-Uniformity-Trial-5-Percent/group_05/UMA-Uniformity-Trial-50-Percent/default/UwSInterstitialStatus/On/VoiceTrigger/Install/WebRTC-IPv6Default/Disabled/,--enable-offline-auto-reload,--enable-offline-auto-reload-visible-only,--enable-pinch-virtual-viewport,--enable-delegated-renderer,--num-raster-threads=1,--disable-accelerated-video-decode,--channel=327.40.922594020
Karthik,408,0.1,0.2,2646712,17892,??,S,Thu11AM,0:30.73,/System/Library/CoreServices/NotificationCenter.app/Contents/MacOS/NotificationCenter
Karthik,7881,0.1,0.1,3689304,6616,??,S,4:35PM,2:47.79,/System/Library/CoreServices/Dock.app/Contents/Resources/DashboardClient.app/Contents/MacOS/DashboardClient
Karthik,13049,0.1,0.0,2481500,1284,s000,S,12:14AM,0:00.30,-bash
Karthik,10650,0.0,0.0,2559644,1860,??,S,8:11PM,0:01.07,/System/Library/CoreServices/rcd.app/Contents/MacOS/rcd
Karthik,9008,0.0,0.0,2539992,656,??,Ss,6:00PM,0:00.08,/System/Library/Frameworks/AudioToolbox.framework/XPCServices/com.apple.audio.ComponentHelper.xpc/Contents/MacOS/com.apple.audio.ComponentHelper
Karthik,9007,0.0,0.0,2539992,620,??,Ss,6:00PM,0:00.07,/System/Library/Frameworks/AudioToolbox.framework/XPCServices/com.apple.audio.ComponentHelper.xpc/Contents/MacOS/com.apple.audio.ComponentHelper
Karthik,9006,0.0,0.0,2539992,588,??,Ss,6:00PM,0:00.07,/System/Library/Frameworks/AudioToolbox.framework/XPCServices/com.apple.audio.ComponentHelper.xpc/Contents/MacOS/com.apple.audio.ComponentHelper
Karthik,9005,0.0,0.0,2539992,600,??,Ss,6:00PM,0:00.08,/System/Library/Frameworks/AudioToolbox.framework/XPCServices/com.apple.audio.ComponentHelper.xpc/Contents/MacOS/com.apple.audio.ComponentHelper
Karthik,9004,0.0,0.0,2500176,136,??,Ss,6:00PM,0:00.02,/System/Library/Frameworks/AudioToolbox.framework/XPCServices/com.apple.audio.SandboxHelper.xpc/Contents/MacOS/com.apple.audio.SandboxHelper
Karthik,9003,0.0,0.0,2508368,136,??,Ss,6:00PM,0:00.02,/System/Library/Frameworks/AudioToolbox.framework/XPCServices/com.apple.audio.SandboxHelper.xpc/Contents/MacOS/com.apple.audio.SandboxHelper
Karthik,9002,0.0,0.0,2508368,132,??,Ss,6:00PM,0:00.03,/System/Library/Frameworks/AudioToolbox.framework/XPCServices/com.apple.audio.SandboxHelper.xpc/Contents/MacOS/com.apple.audio.SandboxHelper
Karthik,9001,0.0,0.0,2491984,140,??,Ss,6:00PM,0:00.02,/System/Library/Frameworks/AudioToolbox.framework/XPCServices/com.apple.audio.SandboxHelper.xpc/Contents/MacOS/com.apple.audio.SandboxHelper
Karthik,8966,0.0,0.0,2598212,3700,??,S,5:58PM,0:00.64,/System/Library/CoreServices/CoreServicesUIAgent.app/Contents/MacOS/CoreServicesUIAgent
Karthik,8918,0.0,0.0,2543132,592,??,Ss,5:54PM,0:00.05,/System/Library/PrivateFrameworks/SafariServices.framework/Versions/A/XPCServices/com.apple.SafariServices.xpc/Contents/MacOS/com.apple.SafariServices
Karthik,8762,0.0,0.2,2563028,15624,??,S,5:41PM,0:07.03,/System/Library/Frameworks/CoreServices.framework/Frameworks/Metadata.framework/Versions/A/Support/mdworker,-s,mdworker,-c,MDSImporterWorker,-m,com.apple.mdworker.shared
Karthik,8761,0.0,0.2,2567604,16640,??,S,5:41PM,0:06.57,/System/Library/Frameworks/CoreServices.framework/Frameworks/Metadata.framework/Versions/A/Support/mdworker,-s,mdworker,-c,MDSImporterWorker,-m,com.apple.mdworker.shared
Karthik,8710,0.0,0.2,2568484,17112,??,S,5:35PM,0:05.19,/System/Library/Frameworks/CoreServices.framework/Frameworks/Metadata.framework/Versions/A/Support/mdworker,-s,mdworker,-c,MDSImporterWorker,-m,com.apple.mdworker.shared
Karthik,8649,0.0,0.2,2561576,13364,??,S,5:34PM,0:07.20,/System/Library/Frameworks/CoreServices.framework/Frameworks/Metadata.framework/Versions/A/Support/mdworker,-s,mdworker,-c,MDSImporterWorker,-m,com.apple.mdworker.shared
Karthik,8067,0.0,0.3,3444048,21684,??,S,4:55PM,0:44.16,/Applications/Google,Chrome.app/Contents/Versions/41.0.2272.104/Google,Chrome,Helper.app/Contents/MacOS/Google,Chrome,Helper,--type=renderer,--enable-deferred-image-decoding,--lang=en-US,--force-fieldtrials=CTRequiredForEVTrial/RequirementEnforced/ChromeSuggestions/Default/DomRel-Enable/enable/EmbeddedSearch/Group15,pct:1f,stable:pp2,prefetch_results:1,reuse_instant_search_base_page:1/EnhancedBookmarks/Default/ExtensionContentVerification/Enforce/ExtensionInstallVerification/None/FlashHardwareVideoDecode/Disabled/GoogleNow/Enable/NewProfileManagement/Enabled/OmniboxBundledExperimentV1/NewSuggestType_A6_Stable_R2/PasswordGeneration/Disabled/PrerenderFromOmnibox/OmniboxPrerenderEnabled/QUIC/Disabled/RefreshTokenDeviceId/Disabled/RememberCertificateErrorDecisions/Default/SafeBrowsingIncidentReportingService/Default/SettingsEnforcement/no_enforcement/UMA-Dynamic-Binary-Uniformity-Trial/default/UMA-Dynamic-Uniformity-Trial/Group3/UMA-Population-Restrict/normal/UMA-Uniformity-Trial-1-Percent/group_67/UMA-Uniformity-Trial-10-Percent/group_03/UMA-Uniformity-Trial-100-Percent/group_01/UMA-Uniformity-Trial-20-Percent/group_03/UMA-Uniformity-Trial-5-Percent/group_05/UMA-Uniformity-Trial-50-Percent/default/UwSInterstitialStatus/On/VoiceTrigger/Install/WebRTC-IPv6Default/Disabled/,--enable-offline-auto-reload,--enable-offline-auto-reload-visible-only,--enable-pinch-virtual-viewport,--enable-delegated-renderer,--num-raster-threads=1,--disable-accelerated-video-decode,--channel=327.129.2105184966
Karthik,7250,0.0,1.1,3563036,94156,??,S,3:23PM,15:20.96,/Applications/Google,Chrome.app/Contents/Versions/41.0.2272.104/Google,Chrome,Helper.app/Contents/MacOS/Google,Chrome,Helper,--type=renderer,--enable-deferred-image-decoding,--lang=en-US,--force-fieldtrials=CTRequiredForEVTrial/RequirementEnforced/ChromeSuggestions/Default/DomRel-Enable/enable/EmbeddedSearch/Group15,pct:1f,stable:pp2,prefetch_results:1,reuse_instant_search_base_page:1/EnhancedBookmarks/Default/ExtensionContentVerification/Enforce/ExtensionInstallVerification/None/FlashHardwareVideoDecode/Disabled/GoogleNow/Enable/NewProfileManagement/Enabled/OmniboxBundledExperimentV1/NewSuggestType_A6_Stable_R2/PasswordGeneration/Disabled/PrerenderFromOmnibox/OmniboxPrerenderEnabled/QUIC/Disabled/RefreshTokenDeviceId/Disabled/RememberCertificateErrorDecisions/Default/SafeBrowsingIncidentReportingService/Default/SettingsEnforcement/no_enforcement/UMA-Dynamic-Binary-Uniformity-Trial/default/UMA-Dynamic-Uniformity-Trial/Group3/UMA-Population-Restrict/normal/UMA-Uniformity-Trial-1-Percent/group_67/UMA-Uniformity-Trial-10-Percent/group_03/UMA-Uniformity-Trial-100-Percent/group_01/UMA-Uniformity-Trial-20-Percent/group_03/UMA-Uniformity-Trial-5-Percent/group_05/UMA-Uniformity-Trial-50-Percent/default/UwSInterstitialStatus/On/VoiceTrigger/Install/WebRTC-IPv6Default/Disabled/,--enable-offline-auto-reload,--enable-offline-auto-reload-visible-only,--enable-pinch-virtual-viewport,--enable-delegated-renderer,--num-raster-threads=1,--disable-accelerated-video-decode,--channel=327.122.2009071199
Karthik,7247,0.0,0.2,3381032,16688,??,S,3:22PM,0:10.18,/Applications/Google,Chrome.app/Contents/Versions/41.0.2272.104/Google,Chrome,Helper.app/Contents/MacOS/Google,Chrome,Helper,--type=renderer,--enable-deferred-image-decoding,--lang=en-US,--force-fieldtrials=CTRequiredForEVTrial/RequirementEnforced/ChromeSuggestions/Default/DomRel-Enable/enable/EmbeddedSearch/Group15,pct:1f,stable:pp2,prefetch_results:1,reuse_instant_search_base_page:1/EnhancedBookmarks/Default/ExtensionContentVerification/Enforce/ExtensionInstallVerification/None/FlashHardwareVideoDecode/Disabled/GoogleNow/Enable/NewProfileManagement/Enabled/OmniboxBundledExperimentV1/NewSuggestType_A6_Stable_R2/PasswordGeneration/Disabled/PrerenderFromOmnibox/OmniboxPrerenderEnabled/QUIC/Disabled/RefreshTokenDeviceId/Disabled/RememberCertificateErrorDecisions/Default/SafeBrowsingIncidentReportingService/Default/SettingsEnforcement/no_enforcement/UMA-Dynamic-Binary-Uniformity-Trial/default/UMA-Dynamic-Uniformity-Trial/Group3/UMA-Population-Restrict/normal/UMA-Uniformity-Trial-1-Percent/group_67/UMA-Uniformity-Trial-10-Percent/group_03/UMA-Uniformity-Trial-100-Percent/group_01/UMA-Uniformity-Trial-20-Percent/group_03/UMA-Uniformity-Trial-5-Percent/group_05/UMA-Uniformity-Trial-50-Percent/default/UwSInterstitialStatus/On/VoiceTrigger/Install/WebRTC-IPv6Default/Disabled/,--enable-offline-auto-reload,--enable-offline-auto-reload-visible-only,--enable-pinch-virtual-viewport,--enable-delegated-renderer,--num-raster-threads=1,--disable-accelerated-video-decode,--channel=327.120.959730080
Karthik,7090,0.0,1.0,3522788,79940,??,S,3:06PM,4:05.98,/Applications/Google,Chrome.app/Contents/Versions/41.0.2272.104/Google,Chrome,Helper.app/Contents/MacOS/Google,Chrome,Helper,--type=renderer,--enable-deferred-image-decoding,--lang=en-US,--force-fieldtrials=CTRequiredForEVTrial/RequirementEnforced/ChromeSuggestions/Default/DomRel-Enable/enable/EmbeddedSearch/Group15,pct:1f,stable:pp2,prefetch_results:1,reuse_instant_search_base_page:1/EnhancedBookmarks/Default/ExtensionContentVerification/Enforce/ExtensionInstallVerification/None/FlashHardwareVideoDecode/Disabled/GoogleNow/Enable/NewProfileManagement/Enabled/OmniboxBundledExperimentV1/NewSuggestType_A6_Stable_R2/PasswordGeneration/Disabled/PrerenderFromOmnibox/OmniboxPrerenderEnabled/QUIC/Disabled/RefreshTokenDeviceId/Disabled/RememberCertificateErrorDecisions/Default/SafeBrowsingIncidentReportingService/Default/SettingsEnforcement/no_enforcement/UMA-Dynamic-Binary-Uniformity-Trial/default/UMA-Dynamic-Uniformity-Trial/Group3/UMA-Population-Restrict/normal/UMA-Uniformity-Trial-1-Percent/group_67/UMA-Uniformity-Trial-10-Percent/group_03/UMA-Uniformity-Trial-100-Percent/group_01/UMA-Uniformity-Trial-20-Percent/group_03/UMA-Uniformity-Trial-5-Percent/group_05/UMA-Uniformity-Trial-50-Percent/default/UwSInterstitialStatus/On/VoiceTrigger/Install/WebRTC-IPv6Default/Disabled/,--enable-offline-auto-reload,--enable-offline-auto-reload-visible-only,--enable-pinch-virtual-viewport,--enable-delegated-renderer,--num-raster-threads=1,--disable-accelerated-video-decode,--channel=327.115.571681030
Karthik,7043,0.0,0.2,3398608,17564,??,S,3:01PM,0:02.56,/Applications/Google,Chrome.app/Contents/Versions/41.0.2272.104/Google,Chrome,Helper.app/Contents/MacOS/Google,Chrome,Helper,--type=renderer,--enable-deferred-image-decoding,--lang=en-US,--force-fieldtrials=CTRequiredForEVTrial/RequirementEnforced/ChromeSuggestions/Default/DomRel-Enable/enable/EmbeddedSearch/Group15,pct:1f,stable:pp2,prefetch_results:1,reuse_instant_search_base_page:1/EnhancedBookmarks/Default/ExtensionContentVerification/Enforce/ExtensionInstallVerification/None/FlashHardwareVideoDecode/Disabled/GoogleNow/Enable/NewProfileManagement/Enabled/OmniboxBundledExperimentV1/NewSuggestType_A6_Stable_R2/PasswordGeneration/Disabled/PrerenderFromOmnibox/OmniboxPrerenderEnabled/QUIC/Disabled/RefreshTokenDeviceId/Disabled/RememberCertificateErrorDecisions/Default/SafeBrowsingIncidentReportingService/Default/SettingsEnforcement/no_enforcement/UMA-Dynamic-Binary-Uniformity-Trial/default/UMA-Dynamic-Uniformity-Trial/Group3/UMA-Population-Restrict/normal/UMA-Uniformity-Trial-1-Percent/group_67/UMA-Uniformity-Trial-10-Percent/group_03/UMA-Uniformity-Trial-100-Percent/group_01/UMA-Uniformity-Trial-20-Percent/group_03/UMA-Uniformity-Trial-5-Percent/group_05/UMA-Uniformity-Trial-50-Percent/default/UwSInterstitialStatus/On/VoiceTrigger/Install/WebRTC-IPv6Default/Disabled/,--enable-offline-auto-reload,--enable-offline-auto-reload-visible-only,--enable-pinch-virtual-viewport,--enable-delegated-renderer,--num-raster-threads=1,--disable-accelerated-video-decode,--channel=327.114.2000355947
Karthik,7041,0.0,0.2,3408528,18540,??,S,3:01PM,0:15.88,/Applications/Google,Chrome.app/Contents/Versions/41.0.2272.104/Google,Chrome,Helper.app/Contents/MacOS/Google,Chrome,Helper,--type=renderer,--enable-deferred-image-decoding,--lang=en-US,--force-fieldtrials=CTRequiredForEVTrial/RequirementEnforced/ChromeSuggestions/Default/DomRel-Enable/enable/EmbeddedSearch/Group15,pct:1f,stable:pp2,prefetch_results:1,reuse_instant_search_base_page:1/EnhancedBookmarks/Default/ExtensionContentVerification/Enforce/ExtensionInstallVerification/None/FlashHardwareVideoDecode/Disabled/GoogleNow/Enable/NewProfileManagement/Enabled/OmniboxBundledExperimentV1/NewSuggestType_A6_Stable_R2/PasswordGeneration/Disabled/PrerenderFromOmnibox/OmniboxPrerenderEnabled/QUIC/Disabled/RefreshTokenDeviceId/Disabled/RememberCertificateErrorDecisions/Default/SafeBrowsingIncidentReportingService/Default/SettingsEnforcement/no_enforcement/UMA-Dynamic-Binary-Uniformity-Trial/default/UMA-Dynamic-Uniformity-Trial/Group3/UMA-Population-Restrict/normal/UMA-Uniformity-Trial-1-Percent/group_67/UMA-Uniformity-Trial-10-Percent/group_03/UMA-Uniformity-Trial-100-Percent/group_01/UMA-Uniformity-Trial-20-Percent/group_03/UMA-Uniformity-Trial-5-Percent/group_05/UMA-Uniformity-Trial-50-Percent/default/UwSInterstitialStatus/On/VoiceTrigger/Install/WebRTC-IPv6Default/Disabled/,--enable-offline-auto-reload,--enable-offline-auto-reload-visible-only,--enable-pinch-virtual-viewport,--enable-delegated-renderer,--num-raster-threads=1,--disable-accelerated-video-decode,--channel=327.113.1110560697
Karthik,6995,0.0,1.3,3648940,106644,??,S,2:56PM,3:17.78,/Applications/Google,Chrome.app/Contents/Versions/41.0.2272.104/Google,Chrome,Helper.app/Contents/MacOS/Google,Chrome,Helper,--type=renderer,--enable-deferred-image-decoding,--lang=en-US,--force-fieldtrials=CTRequiredForEVTrial/RequirementEnforced/ChromeSuggestions/Default/DomRel-Enable/enable/EmbeddedSearch/Group15,pct:1f,stable:pp2,prefetch_results:1,reuse_instant_search_base_page:1/EnhancedBookmarks/Default/ExtensionContentVerification/Enforce/ExtensionInstallVerification/None/FlashHardwareVideoDecode/Disabled/GoogleNow/Enable/NewProfileManagement/Enabled/OmniboxBundledExperimentV1/NewSuggestType_A6_Stable_R2/PasswordGeneration/Disabled/PrerenderFromOmnibox/OmniboxPrerenderEnabled/QUIC/Disabled/RefreshTokenDeviceId/Disabled/RememberCertificateErrorDecisions/Default/SafeBrowsingIncidentReportingService/Default/SettingsEnforcement/no_enforcement/UMA-Dynamic-Binary-Uniformity-Trial/default/UMA-Dynamic-Uniformity-Trial/Group3/UMA-Population-Restrict/normal/UMA-Uniformity-Trial-1-Percent/group_67/UMA-Uniformity-Trial-10-Percent/group_03/UMA-Uniformity-Trial-100-Percent/group_01/UMA-Uniformity-Trial-20-Percent/group_03/UMA-Uniformity-Trial-5-Percent/group_05/UMA-Uniformity-Trial-50-Percent/default/UwSInterstitialStatus/On/VoiceTrigger/Install/WebRTC-IPv6Default/Disabled/,--enable-offline-auto-reload,--enable-offline-auto-reload-visible-only,--enable-pinch-virtual-viewport,--enable-delegated-renderer,--num-raster-threads=1,--disable-accelerated-video-decode,--channel=327.110.768518688
Karthik,6151,0.0,0.1,2586636,6188,??,S,Fri07AM,0:01.05,/System/Library/PrivateFrameworks/Noticeboard.framework/Versions/A/Resources/nbagent.app/Contents/MacOS/nbagent
Karthik,4824,0.0,0.0,2497052,52,??,S,Thu11PM,0:00.02,/System/Library/PrivateFrameworks/KerberosHelper/Helpers/DiskUnmountWatcher
Karthik,2091,0.0,0.0,2542388,1680,??,S,Thu10PM,0:00.39,/System/Library/PrivateFrameworks/CloudServices.framework/Versions/A/XPCServices/com.apple.lakitu.xpc/Contents/MacOS/com.apple.lakitu
Karthik,2082,0.0,0.0,2539224,1268,??,S,Thu10PM,0:00.16,/System/Library/PrivateFrameworks/CloudServices.framework/Resources/com.apple.sbd
Karthik,2072,0.0,0.0,2585472,2680,??,S,Thu10PM,0:00.75,/System/Library/PrivateFrameworks/CloudServices.framework/Resources/EscrowSecurityAlert.app/Contents/MacOS/EscrowSecurityAlert
Karthik,2069,0.0,0.0,2514480,568,??,S,Thu10PM,0:00.05,/usr/libexec/USBAgent
Karthik,1730,0.0,0.2,3490412,20880,??,S,Thu02PM,0:24.63,/Applications/Google,Chrome.app/Contents/Versions/41.0.2272.104/Google,Chrome,Helper.app/Contents/MacOS/Google,Chrome,Helper,--type=renderer,--enable-deferred-image-decoding,--lang=en-US,--force-fieldtrials=CTRequiredForEVTrial/RequirementEnforced/ChromeSuggestions/Default/DomRel-Enable/enable/EmbeddedSearch/Group15,pct:1f,stable:pp2,prefetch_results:1,reuse_instant_search_base_page:1/EnhancedBookmarks/Default/ExtensionContentVerification/Enforce/ExtensionInstallVerification/None/FlashHardwareVideoDecode/Disabled/GoogleNow/Enable/NewProfileManagement/Enabled/OmniboxBundledExperimentV1/NewSuggestType_A6_Stable_R2/PasswordGeneration/Disabled/PrerenderFromOmnibox/OmniboxPrerenderEnabled/QUIC/Disabled/RefreshTokenDeviceId/Disabled/RememberCertificateErrorDecisions/Default/SafeBrowsingIncidentReportingService/Default/SettingsEnforcement/no_enforcement/UMA-Dynamic-Binary-Uniformity-Trial/default/UMA-Dynamic-Uniformity-Trial/Group3/UMA-Population-Restrict/normal/UMA-Uniformity-Trial-1-Percent/group_67/UMA-Uniformity-Trial-10-Percent/group_03/UMA-Uniformity-Trial-100-Percent/group_01/UMA-Uniformity-Trial-20-Percent/group_03/UMA-Uniformity-Trial-5-Percent/group_05/UMA-Uniformity-Trial-50-Percent/default/UwSInterstitialStatus/On/VoiceTrigger/Install/WebRTC-IPv6Default/Disabled/,--enable-offline-auto-reload,--enable-offline-auto-reload-visible-only,--enable-pinch-virtual-viewport,--enable-delegated-renderer,--num-raster-threads=1,--disable-accelerated-video-decode,--channel=327.76.727943262
Karthik,1701,0.0,0.0,2538712,448,??,S,Thu02PM,0:00.18,com.apple.CoreSimulator.CoreSimulatorService
Karthik,1629,0.0,0.0,2514932,1068,??,S,Thu02PM,0:00.27,/usr/bin/ssh-agent,-l
Karthik,1599,0.0,0.0,2583308,3064,??,S,Thu02PM,0:00.90,com.github.GitHub.Conduit
Karthik,1589,0.0,0.0,2541960,460,??,S,Thu02PM,0:00.10,/usr/libexec/loginitemregisterd
Karthik,1581,0.0,0.8,2985352,63204,??,S,Thu02PM,1:06.14,/Applications/GitHub.app/Contents/MacOS/GitHub
Karthik,1389,0.0,0.0,2538512,512,??,S,Thu01PM,0:00.08,/System/Library/PrivateFrameworks/BookKit.framework/Versions/A/XPCServices/com.apple.BKAgentService.xpc/Contents/MacOS/com.apple.BKAgentService
Karthik,1367,0.0,0.0,2540228,448,??,S,Thu01PM,0:00.10,/System/Library/Frameworks/ApplicationServices.framework/Frameworks/PrintCore.framework/Versions/A/printtool,agent
Karthik,1178,0.0,0.0,2585380,60,??,S,Thu01PM,0:01.09,/System/Library/CoreServices/ScopedBookmarkAgent
Karthik,758,0.0,0.0,2518192,448,??,S,Thu11AM,0:00.11,/System/Library/Frameworks/CoreServices.framework/Frameworks/Metadata.framework/Versions/A/Support/mdworker,-s,mdworker-sizing,-c,MDSSizingWorker,-m,com.apple.mdworker.sizing
Karthik,600,0.0,0.0,2539304,860,??,S,Thu11AM,0:00.08,/System/Library/PrivateFrameworks/DataDetectorsCore.framework/Versions/A/XPCServices/DataDetectorsDynamicData.xpc/Contents/MacOS/DataDetectorsDynamicData
Karthik,595,0.0,0.2,3386108,13556,??,S,Thu11AM,0:59.07,/Applications/Google,Chrome.app/Contents/Versions/41.0.2272.104/Google,Chrome,Helper.app/Contents/MacOS/Google,Chrome,Helper,--type=renderer,--enable-deferred-image-decoding,--lang=en-US,--force-fieldtrials=CTRequiredForEVTrial/RequirementEnforced/ChromeSuggestions/Default/DomRel-Enable/enable/EmbeddedSearch/Group15,pct:1f,stable:pp2,prefetch_results:1,reuse_instant_search_base_page:1/EnhancedBookmarks/Default/ExtensionContentVerification/Enforce/ExtensionInstallVerification/None/FlashHardwareVideoDecode/Disabled/GoogleNow/Enable/NewProfileManagement/Enabled/OmniboxBundledExperimentV1/NewSuggestType_A6_Stable_R2/PasswordGeneration/Disabled/PrerenderFromOmnibox/OmniboxPrerenderEnabled/QUIC/Disabled/RefreshTokenDeviceId/Disabled/RememberCertificateErrorDecisions/Default/SafeBrowsingIncidentReportingService/Default/SettingsEnforcement/no_enforcement/UMA-Dynamic-Binary-Uniformity-Trial/default/UMA-Dynamic-Uniformity-Trial/Group3/UMA-Population-Restrict/normal/UMA-Uniformity-Trial-1-Percent/group_67/UMA-Uniformity-Trial-10-Percent/group_03/UMA-Uniformity-Trial-100-Percent/group_01/UMA-Uniformity-Trial-20-Percent/group_03/UMA-Uniformity-Trial-5-Percent/group_05/UMA-Uniformity-Trial-50-Percent/default/UwSInterstitialStatus/On/VoiceTrigger/Install/WebRTC-IPv6Default/Disabled/,--enable-offline-auto-reload,--enable-offline-auto-reload-visible-only,--enable-pinch-virtual-viewport,--enable-delegated-renderer,--num-raster-threads=1,--disable-accelerated-video-decode,--channel=327.41.774055652
Karthik,591,0.0,0.1,3378892,9276,??,S,Thu11AM,0:02.54,/Applications/Google,Chrome.app/Contents/Versions/41.0.2272.104/Google,Chrome,Helper.app/Contents/MacOS/Google,Chrome,Helper,--type=renderer,--enable-deferred-image-decoding,--lang=en-US,--force-fieldtrials=CTRequiredForEVTrial/RequirementEnforced/ChromeSuggestions/Default/DomRel-Enable/enable/EmbeddedSearch/Group15,pct:1f,stable:pp2,prefetch_results:1,reuse_instant_search_base_page:1/EnhancedBookmarks/Default/ExtensionContentVerification/Enforce/ExtensionInstallVerification/None/FlashHardwareVideoDecode/Disabled/GoogleNow/Enable/NewProfileManagement/Enabled/OmniboxBundledExperimentV1/NewSuggestType_A6_Stable_R2/PasswordGeneration/Disabled/PrerenderFromOmnibox/OmniboxPrerenderEnabled/QUIC/Disabled/RefreshTokenDeviceId/Disabled/RememberCertificateErrorDecisions/Default/SafeBrowsingIncidentReportingService/Default/SettingsEnforcement/no_enforcement/UMA-Dynamic-Binary-Uniformity-Trial/default/UMA-Dynamic-Uniformity-Trial/Group3/UMA-Population-Restrict/normal/UMA-Uniformity-Trial-1-Percent/group_67/UMA-Uniformity-Trial-10-Percent/group_03/UMA-Uniformity-Trial-100-Percent/group_01/UMA-Uniformity-Trial-20-Percent/group_03/UMA-Uniformity-Trial-5-Percent/group_05/UMA-Uniformity-Trial-50-Percent/default/UwSInterstitialStatus/On/VoiceTrigger/Install/WebRTC-IPv6Default/Disabled/,--enable-offline-auto-reload,--enable-offline-auto-reload-visible-only,--enable-pinch-virtual-viewport,--enable-delegated-renderer,--num-raster-threads=1,--disable-accelerated-video-decode,--channel=327.39.294701826
Karthik,590,0.0,0.1,3345816,8860,??,S,Thu11AM,0:02.44,/Applications/Google,Chrome.app/Contents/Versions/41.0.2272.104/Google,Chrome,Helper.app/Contents/MacOS/Google,Chrome,Helper,--type=renderer,--enable-deferred-image-decoding,--lang=en-US,--force-fieldtrials=CTRequiredForEVTrial/RequirementEnforced/ChromeSuggestions/Default/DomRel-Enable/enable/EmbeddedSearch/Group15,pct:1f,stable:pp2,prefetch_results:1,reuse_instant_search_base_page:1/EnhancedBookmarks/Default/ExtensionContentVerification/Enforce/ExtensionInstallVerification/None/FlashHardwareVideoDecode/Disabled/GoogleNow/Enable/NewProfileManagement/Enabled/OmniboxBundledExperimentV1/NewSuggestType_A6_Stable_R2/PasswordGeneration/Disabled/PrerenderFromOmnibox/OmniboxPrerenderEnabled/QUIC/Disabled/RefreshTokenDeviceId/Disabled/RememberCertificateErrorDecisions/Default/SafeBrowsingIncidentReportingService/Default/SettingsEnforcement/no_enforcement/UMA-Dynamic-Binary-Uniformity-Trial/default/UMA-Dynamic-Uniformity-Trial/Group3/UMA-Population-Restrict/normal/UMA-Uniformity-Trial-1-Percent/group_67/UMA-Uniformity-Trial-10-Percent/group_03/UMA-Uniformity-Trial-100-Percent/group_01/UMA-Uniformity-Trial-20-Percent/group_03/UMA-Uniformity-Trial-5-Percent/group_05/UMA-Uniformity-Trial-50-Percent/default/UwSInterstitialStatus/On/VoiceTrigger/Install/WebRTC-IPv6Default/Disabled/,--enable-offline-auto-reload,--enable-offline-auto-reload-visible-only,--enable-pinch-virtual-viewport,--enable-delegated-renderer,--num-raster-threads=1,--disable-accelerated-video-decode,--channel=327.38.1391874092
Karthik,589,0.0,0.1,3372376,11120,??,S,Thu11AM,0:02.62,/Applications/Google,Chrome.app/Contents/Versions/41.0.2272.104/Google,Chrome,Helper.app/Contents/MacOS/Google,Chrome,Helper,--type=renderer,--enable-deferred-image-decoding,--lang=en-US,--force-fieldtrials=CTRequiredForEVTrial/RequirementEnforced/ChromeSuggestions/Default/DomRel-Enable/enable/EmbeddedSearch/Group15,pct:1f,stable:pp2,prefetch_results:1,reuse_instant_search_base_page:1/EnhancedBookmarks/Default/ExtensionContentVerification/Enforce/ExtensionInstallVerification/None/FlashHardwareVideoDecode/Disabled/GoogleNow/Enable/NewProfileManagement/Enabled/OmniboxBundledExperimentV1/NewSuggestType_A6_Stable_R2/PasswordGeneration/Disabled/PrerenderFromOmnibox/OmniboxPrerenderEnabled/QUIC/Disabled/RefreshTokenDeviceId/Disabled/RememberCertificateErrorDecisions/Default/SafeBrowsingIncidentReportingService/Default/SettingsEnforcement/no_enforcement/UMA-Dynamic-Binary-Uniformity-Trial/default/UMA-Dynamic-Uniformity-Trial/Group3/UMA-Population-Restrict/normal/UMA-Uniformity-Trial-1-Percent/group_67/UMA-Uniformity-Trial-10-Percent/group_03/UMA-Uniformity-Trial-100-Percent/group_01/UMA-Uniformity-Trial-20-Percent/group_03/UMA-Uniformity-Trial-5-Percent/group_05/UMA-Uniformity-Trial-50-Percent/default/UwSInterstitialStatus/On/VoiceTrigger/Install/WebRTC-IPv6Default/Disabled/,--enable-offline-auto-reload,--enable-offline-auto-reload-visible-only,--enable-pinch-virtual-viewport,--enable-delegated-renderer,--num-raster-threads=1,--disable-accelerated-video-decode,--channel=327.37.849011236
Karthik,587,0.0,0.1,3345284,11756,??,S,Thu11AM,0:02.79,/Applications/Google,Chrome.app/Contents/Versions/41.0.2272.104/Google,Chrome,Helper.app/Contents/MacOS/Google,Chrome,Helper,--type=renderer,--enable-deferred-image-decoding,--lang=en-US,--force-fieldtrials=CTRequiredForEVTrial/RequirementEnforced/ChromeSuggestions/Default/DomRel-Enable/enable/EmbeddedSearch/Group15,pct:1f,stable:pp2,prefetch_results:1,reuse_instant_search_base_page:1/EnhancedBookmarks/Default/ExtensionContentVerification/Enforce/ExtensionInstallVerification/None/FlashHardwareVideoDecode/Disabled/GoogleNow/Enable/NewProfileManagement/Enabled/OmniboxBundledExperimentV1/NewSuggestType_A6_Stable_R2/PasswordGeneration/Disabled/PrerenderFromOmnibox/OmniboxPrerenderEnabled/QUIC/Disabled/RefreshTokenDeviceId/Disabled/RememberCertificateErrorDecisions/Default/SafeBrowsingIncidentReportingService/Default/SettingsEnforcement/no_enforcement/UMA-Dynamic-Binary-Uniformity-Trial/default/UMA-Dynamic-Uniformity-Trial/Group3/UMA-Population-Restrict/normal/UMA-Uniformity-Trial-1-Percent/group_67/UMA-Uniformity-Trial-10-Percent/group_03/UMA-Uniformity-Trial-100-Percent/group_01/UMA-Uniformity-Trial-20-Percent/group_03/UMA-Uniformity-Trial-5-Percent/group_05/UMA-Uniformity-Trial-50-Percent/default/UwSInterstitialStatus/On/VoiceTrigger/Install/WebRTC-IPv6Default/Disabled/,--enable-offline-auto-reload,--enable-offline-auto-reload-visible-only,--enable-pinch-virtual-viewport,--enable-delegated-renderer,--num-raster-threads=1,--disable-accelerated-video-decode,--channel=327.35.1903893305
Karthik,584,0.0,0.3,3457660,24644,??,S,Thu11AM,0:05.85,/Applications/Google,Chrome.app/Contents/Versions/41.0.2272.104/Google,Chrome,Helper.app/Contents/MacOS/Google,Chrome,Helper,--type=renderer,--enable-deferred-image-decoding,--lang=en-US,--force-fieldtrials=CTRequiredForEVTrial/RequirementEnforced/ChromeSuggestions/Default/DomRel-Enable/enable/EmbeddedSearch/Group15,pct:1f,stable:pp2,prefetch_results:1,reuse_instant_search_base_page:1/EnhancedBookmarks/Default/ExtensionContentVerification/Enforce/ExtensionInstallVerification/None/FlashHardwareVideoDecode/Disabled/GoogleNow/Enable/NewProfileManagement/Enabled/OmniboxBundledExperimentV1/NewSuggestType_A6_Stable_R2/PasswordGeneration/Disabled/PrerenderFromOmnibox/OmniboxPrerenderEnabled/QUIC/Disabled/RefreshTokenDeviceId/Disabled/RememberCertificateErrorDecisions/Default/SafeBrowsingIncidentReportingService/Default/SettingsEnforcement/no_enforcement/UMA-Dynamic-Binary-Uniformity-Trial/default/UMA-Dynamic-Uniformity-Trial/Group3/UMA-Population-Restrict/normal/UMA-Uniformity-Trial-1-Percent/group_67/UMA-Uniformity-Trial-10-Percent/group_03/UMA-Uniformity-Trial-100-Percent/group_01/UMA-Uniformity-Trial-20-Percent/group_03/UMA-Uniformity-Trial-5-Percent/group_05/UMA-Uniformity-Trial-50-Percent/default/UwSInterstitialStatus/On/VoiceTrigger/Install/WebRTC-IPv6Default/Disabled/,--instant-process,--enable-offline-auto-reload,--enable-offline-auto-reload-visible-only,--enable-pinch-virtual-viewport,--enable-delegated-renderer,--num-raster-threads=1,--disable-accelerated-video-decode,--channel=327.34.237945837
Karthik,578,0.0,0.1,3373704,11712,??,S,Thu11AM,0:02.81,/Applications/Google,Chrome.app/Contents/Versions/41.0.2272.104/Google,Chrome,Helper.app/Contents/MacOS/Google,Chrome,Helper,--type=renderer,--enable-deferred-image-decoding,--lang=en-US,--force-fieldtrials=CTRequiredForEVTrial/RequirementEnforced/ChromeSuggestions/Default/DomRel-Enable/enable/EmbeddedSearch/Group15,pct:1f,stable:pp2,prefetch_results:1,reuse_instant_search_base_page:1/EnhancedBookmarks/Default/ExtensionContentVerification/Enforce/ExtensionInstallVerification/None/FlashHardwareVideoDecode/Disabled/GoogleNow/Enable/NewProfileManagement/Enabled/OmniboxBundledExperimentV1/NewSuggestType_A6_Stable_R2/PasswordGeneration/Disabled/PrerenderFromOmnibox/OmniboxPrerenderEnabled/QUIC/Disabled/RefreshTokenDeviceId/Disabled/RememberCertificateErrorDecisions/Default/SafeBrowsingIncidentReportingService/Default/SettingsEnforcement/no_enforcement/UMA-Dynamic-Binary-Uniformity-Trial/default/UMA-Dynamic-Uniformity-Trial/Group3/UMA-Population-Restrict/normal/UMA-Uniformity-Trial-1-Percent/group_67/UMA-Uniformity-Trial-10-Percent/group_03/UMA-Uniformity-Trial-100-Percent/group_01/UMA-Uniformity-Trial-20-Percent/group_03/UMA-Uniformity-Trial-5-Percent/group_05/UMA-Uniformity-Trial-50-Percent/default/UwSInterstitialStatus/On/VoiceTrigger/Install/WebRTC-IPv6Default/Disabled/,--enable-offline-auto-reload,--enable-offline-auto-reload-visible-only,--enable-pinch-virtual-viewport,--enable-delegated-renderer,--num-raster-threads=1,--disable-accelerated-video-decode,--channel=327.33.1050502266
Karthik,577,0.0,0.2,3430008,14300,??,S,Thu11AM,0:03.34,/Applications/Google,Chrome.app/Contents/Versions/41.0.2272.104/Google,Chrome,Helper.app/Contents/MacOS/Google,Chrome,Helper,--type=renderer,--enable-deferred-image-decoding,--lang=en-US,--force-fieldtrials=CTRequiredForEVTrial/RequirementEnforced/ChromeSuggestions/Default/DomRel-Enable/enable/EmbeddedSearch/Group15,pct:1f,stable:pp2,prefetch_results:1,reuse_instant_search_base_page:1/EnhancedBookmarks/Default/ExtensionContentVerification/Enforce/ExtensionInstallVerification/None/FlashHardwareVideoDecode/Disabled/GoogleNow/Enable/NewProfileManagement/Enabled/OmniboxBundledExperimentV1/NewSuggestType_A6_Stable_R2/PasswordGeneration/Disabled/PrerenderFromOmnibox/OmniboxPrerenderEnabled/QUIC/Disabled/RefreshTokenDeviceId/Disabled/RememberCertificateErrorDecisions/Default/SafeBrowsingIncidentReportingService/Default/SettingsEnforcement/no_enforcement/UMA-Dynamic-Binary-Uniformity-Trial/default/UMA-Dynamic-Uniformity-Trial/Group3/UMA-Population-Restrict/normal/UMA-Uniformity-Trial-1-Percent/group_67/UMA-Uniformity-Trial-10-Percent/group_03/UMA-Uniformity-Trial-100-Percent/group_01/UMA-Uniformity-Trial-20-Percent/group_03/UMA-Uniformity-Trial-5-Percent/group_05/UMA-Uniformity-Trial-50-Percent/default/UwSInterstitialStatus/On/VoiceTrigger/Install/WebRTC-IPv6Default/Disabled/,--enable-offline-auto-reload,--enable-offline-auto-reload-visible-only,--enable-pinch-virtual-viewport,--enable-delegated-renderer,--num-raster-threads=1,--disable-accelerated-video-decode,--channel=327.32.569595571
Karthik,559,0.0,0.0,2600524,2428,??,Ss,Thu11AM,0:00.90,/Applications/Dropbox.app/Contents/PlugIns/garcon.appex/Contents/MacOS/garcon
Karthik,552,0.0,0.4,3444368,29820,??,S,Thu11AM,1:00.44,/Applications/Google,Chrome.app/Contents/Versions/41.0.2272.104/Google,Chrome,Helper.app/Contents/MacOS/Google,Chrome,Helper,--type=renderer,--enable-deferred-image-decoding,--lang=en-US,--force-fieldtrials=CTRequiredForEVTrial/RequirementEnforced/ChromeSuggestions/Default/DomRel-Enable/enable/EmbeddedSearch/Group15,pct:1f,stable:pp2,prefetch_results:1,reuse_instant_search_base_page:1/EnhancedBookmarks/Default/ExtensionContentVerification/Enforce/ExtensionInstallVerification/None/GoogleNow/Enable/NewProfileManagement/Enabled/OmniboxBundledExperimentV1/NewSuggestType_A6_Stable_R2/PasswordGeneration/Disabled/QUIC/Disabled/RefreshTokenDeviceId/Disabled/RememberCertificateErrorDecisions/Default/SafeBrowsingIncidentReportingService/Default/SettingsEnforcement/no_enforcement/UMA-Dynamic-Binary-Uniformity-Trial/default/UMA-Dynamic-Uniformity-Trial/Group3/UMA-Population-Restrict/normal/UMA-Uniformity-Trial-1-Percent/group_67/UMA-Uniformity-Trial-10-Percent/group_03/UMA-Uniformity-Trial-100-Percent/group_01/UMA-Uniformity-Trial-20-Percent/group_03/UMA-Uniformity-Trial-5-Percent/group_05/UMA-Uniformity-Trial-50-Percent/default/UwSInterstitialStatus/On/VoiceTrigger/Install/WebRTC-IPv6Default/Disabled/,--enable-offline-auto-reload,--enable-offline-auto-reload-visible-only,--enable-pinch-virtual-viewport,--enable-delegated-renderer,--num-raster-threads=1,--disable-accelerated-video-decode,--channel=327.20.181144433
Karthik,543,0.0,0.4,3451320,30376,??,S,Thu11AM,0:50.68,/Applications/Google,Chrome.app/Contents/Versions/41.0.2272.104/Google,Chrome,Helper.app/Contents/MacOS/Google,Chrome,Helper,--type=renderer,--enable-deferred-image-decoding,--lang=en-US,--force-fieldtrials=CTRequiredForEVTrial/RequirementEnforced/ChromeSuggestions/Default/DomRel-Enable/enable/EmbeddedSearch/Group15,pct:1f,stable:pp2,prefetch_results:1,reuse_instant_search_base_page:1/EnhancedBookmarks/Default/ExtensionContentVerification/Enforce/ExtensionInstallVerification/None/GoogleNow/Enable/NewProfileManagement/Enabled/OmniboxBundledExperimentV1/NewSuggestType_A6_Stable_R2/PasswordGeneration/Disabled/QUIC/Disabled/RefreshTokenDeviceId/Disabled/RememberCertificateErrorDecisions/Default/SafeBrowsingIncidentReportingService/Default/SettingsEnforcement/no_enforcement/UMA-Dynamic-Binary-Uniformity-Trial/default/UMA-Dynamic-Uniformity-Trial/Group3/UMA-Population-Restrict/normal/UMA-Uniformity-Trial-1-Percent/group_67/UMA-Uniformity-Trial-10-Percent/group_03/UMA-Uniformity-Trial-100-Percent/group_01/UMA-Uniformity-Trial-20-Percent/group_03/UMA-Uniformity-Trial-5-Percent/group_05/UMA-Uniformity-Trial-50-Percent/default/UwSInterstitialStatus/On/VoiceTrigger/Install/WebRTC-IPv6Default/Disabled/,--enable-offline-auto-reload,--enable-offline-auto-reload-visible-only,--enable-pinch-virtual-viewport,--enable-delegated-renderer,--num-raster-threads=1,--disable-accelerated-video-decode,--channel=327.19.108220179
Karthik,542,0.0,0.0,2539032,528,??,S,Thu11AM,0:00.10,/System/Library/PrivateFrameworks/CommerceKit.framework/Versions/A/Resources/storedownloadd
Karthik,541,0.0,0.0,620140,4,??,S,Thu11AM,0:00.01,/Applications/Steam.app/Contents/MacOS/osx32/ipcserver
Karthik,540,0.0,0.0,2585488,2140,??,S,Thu11AM,0:00.65,/System/Library/PrivateFrameworks/CommerceKit.framework/Resources/LaterAgent.app/Contents/MacOS/LaterAgent
Karthik,539,0.0,0.0,2544700,2792,??,U,Thu11AM,0:03.01,/System/Library/PrivateFrameworks/CommerceKit.framework/Versions/A/Resources/storeassetd
Karthik,538,0.0,0.0,2513976,424,??,S,Thu11AM,0:00.06,/System/Library/PrivateFrameworks/CommerceKit.framework/Versions/A/Resources/storelegacy
Karthik,535,0.0,0.4,3435296,31996,??,S,Thu11AM,0:50.87,/Applications/Google,Chrome.app/Contents/Versions/41.0.2272.104/Google,Chrome,Helper.app/Contents/MacOS/Google,Chrome,Helper,--type=renderer,--enable-deferred-image-decoding,--lang=en-US,--force-fieldtrials=CTRequiredForEVTrial/RequirementEnforced/ChromeSuggestions/Default/DomRel-Enable/enable/EmbeddedSearch/Group15,pct:1f,stable:pp2,prefetch_results:1,reuse_instant_search_base_page:1/EnhancedBookmarks/Default/ExtensionContentVerification/Enforce/ExtensionInstallVerification/None/GoogleNow/Enable/NewProfileManagement/Enabled/OmniboxBundledExperimentV1/NewSuggestType_A6_Stable_R2/PasswordGeneration/Disabled/QUIC/Disabled/RefreshTokenDeviceId/Disabled/RememberCertificateErrorDecisions/Default/SafeBrowsingIncidentReportingService/Default/SettingsEnforcement/no_enforcement/UMA-Dynamic-Binary-Uniformity-Trial/default/UMA-Dynamic-Uniformity-Trial/Group3/UMA-Population-Restrict/normal/UMA-Uniformity-Trial-1-Percent/group_67/UMA-Uniformity-Trial-10-Percent/group_03/UMA-Uniformity-Trial-100-Percent/group_01/UMA-Uniformity-Trial-20-Percent/group_03/UMA-Uniformity-Trial-5-Percent/group_05/UMA-Uniformity-Trial-50-Percent/default/UwSInterstitialStatus/On/VoiceTrigger/Install/WebRTC-IPv6Default/Disabled/,--enable-offline-auto-reload,--enable-offline-auto-reload-visible-only,--enable-pinch-virtual-viewport,--enable-delegated-renderer,--num-raster-threads=1,--disable-accelerated-video-decode,--channel=327.18.2125258535
Karthik,532,0.0,0.0,2617840,2908,??,S,Thu11AM,0:01.06,/System/Library/Image,Capture/Support/Image,Capture,Extension.app/Contents/MacOS/Image,Capture,Extension
Karthik,527,0.0,0.3,3461816,26852,??,S,Thu11AM,0:40.05,/Applications/Google,Chrome.app/Contents/Versions/41.0.2272.104/Google,Chrome,Helper.app/Contents/MacOS/Google,Chrome,Helper,--type=renderer,--enable-deferred-image-decoding,--lang=en-US,--force-fieldtrials=CTRequiredForEVTrial/RequirementEnforced/ChromeSuggestions/Default/DomRel-Enable/enable/EmbeddedSearch/Group15,pct:1f,stable:pp2,prefetch_results:1,reuse_instant_search_base_page:1/EnhancedBookmarks/Default/ExtensionContentVerification/Enforce/ExtensionInstallVerification/None/GoogleNow/Enable/NewProfileManagement/Enabled/OmniboxBundledExperimentV1/NewSuggestType_A6_Stable_R2/PasswordGeneration/Disabled/QUIC/Disabled/RefreshTokenDeviceId/Disabled/RememberCertificateErrorDecisions/Default/SafeBrowsingIncidentReportingService/Default/SettingsEnforcement/no_enforcement/UMA-Dynamic-Binary-Uniformity-Trial/default/UMA-Dynamic-Uniformity-Trial/Group3/UMA-Population-Restrict/normal/UMA-Uniformity-Trial-1-Percent/group_67/UMA-Uniformity-Trial-10-Percent/group_03/UMA-Uniformity-Trial-100-Percent/group_01/UMA-Uniformity-Trial-20-Percent/group_03/UMA-Uniformity-Trial-5-Percent/group_05/UMA-Uniformity-Trial-50-Percent/default/UwSInterstitialStatus/On/VoiceTrigger/Install/WebRTC-IPv6Default/Disabled/,--enable-offline-auto-reload,--enable-offline-auto-reload-visible-only,--enable-pinch-virtual-viewport,--enable-delegated-renderer,--num-raster-threads=1,--disable-accelerated-video-decode,--channel=327.16.164799408
Karthik,523,0.0,0.0,342036,72,??,S,Thu11AM,0:10.72,/Library/DropboxHelperTools/Dropbox_u501/dbfseventsd
Karthik,522,0.0,0.0,2514796,456,??,S,Thu11AM,0:00.81,/System/Library/Frameworks/CoreServices.framework/Frameworks/Metadata.framework/Versions/A/Support/mdflagwriter
Karthik,510,0.0,0.6,3425496,46700,??,S,Thu11AM,5:13.61,/Applications/Google,Chrome.app/Contents/Versions/41.0.2272.104/Google,Chrome,Helper.app/Contents/MacOS/Google,Chrome,Helper,--type=renderer,--enable-deferred-image-decoding,--lang=en-US,--force-fieldtrials=CTRequiredForEVTrial/RequirementEnforced/ChromeSuggestions/Default/DomRel-Enable/enable/EmbeddedSearch/Group15,pct:1f,stable:pp2,prefetch_results:1,reuse_instant_search_base_page:1/EnhancedBookmarks/Default/ExtensionContentVerification/Enforce/ExtensionInstallVerification/None/GoogleNow/Enable/NewProfileManagement/Enabled/OmniboxBundledExperimentV1/NewSuggestType_A6_Stable_R2/PasswordGeneration/Disabled/QUIC/Disabled/RefreshTokenDeviceId/Disabled/RememberCertificateErrorDecisions/Default/SafeBrowsingIncidentReportingService/Default/SettingsEnforcement/no_enforcement/UMA-Dynamic-Binary-Uniformity-Trial/default/UMA-Dynamic-Uniformity-Trial/Group3/UMA-Population-Restrict/normal/UMA-Uniformity-Trial-1-Percent/group_67/UMA-Uniformity-Trial-10-Percent/group_03/UMA-Uniformity-Trial-100-Percent/group_01/UMA-Uniformity-Trial-20-Percent/group_03/UMA-Uniformity-Trial-5-Percent/group_05/UMA-Uniformity-Trial-50-Percent/default/UwSInterstitialStatus/On/VoiceTrigger/Install/WebRTC-IPv6Default/Disabled/,--enable-offline-auto-reload,--enable-offline-auto-reload-visible-only,--enable-pinch-virtual-viewport,--enable-delegated-renderer,--num-raster-threads=1,--disable-accelerated-video-decode,--channel=327.14.946987996
Karthik,508,0.0,0.3,3464572,24612,??,S,Thu11AM,0:39.66,/Applications/Google,Chrome.app/Contents/Versions/41.0.2272.104/Google,Chrome,Helper.app/Contents/MacOS/Google,Chrome,Helper,--type=renderer,--enable-deferred-image-decoding,--lang=en-US,--force-fieldtrials=CTRequiredForEVTrial/RequirementEnforced/ChromeSuggestions/Default/DomRel-Enable/enable/EmbeddedSearch/Group15,pct:1f,stable:pp2,prefetch_results:1,reuse_instant_search_base_page:1/EnhancedBookmarks/Default/ExtensionContentVerification/Enforce/ExtensionInstallVerification/None/GoogleNow/Enable/NewProfileManagement/Enabled/OmniboxBundledExperimentV1/NewSuggestType_A6_Stable_R2/PasswordGeneration/Disabled/QUIC/Disabled/RefreshTokenDeviceId/Disabled/RememberCertificateErrorDecisions/Default/SafeBrowsingIncidentReportingService/Default/SettingsEnforcement/no_enforcement/UMA-Dynamic-Binary-Uniformity-Trial/default/UMA-Dynamic-Uniformity-Trial/Group3/UMA-Population-Restrict/normal/UMA-Uniformity-Trial-1-Percent/group_67/UMA-Uniformity-Trial-10-Percent/group_03/UMA-Uniformity-Trial-100-Percent/group_01/UMA-Uniformity-Trial-20-Percent/group_03/UMA-Uniformity-Trial-5-Percent/group_05/UMA-Uniformity-Trial-50-Percent/default/UwSInterstitialStatus/On/VoiceTrigger/Install/WebRTC-IPv6Default/Disabled/,--enable-offline-auto-reload,--enable-offline-auto-reload-visible-only,--enable-pinch-virtual-viewport,--enable-delegated-renderer,--num-raster-threads=1,--disable-accelerated-video-decode,--channel=327.13.400503117
Karthik,505,0.0,0.3,3433736,28704,??,S,Thu11AM,0:54.58,/Applications/Google,Chrome.app/Contents/Versions/41.0.2272.104/Google,Chrome,Helper.app/Contents/MacOS/Google,Chrome,Helper,--type=renderer,--enable-deferred-image-decoding,--lang=en-US,--force-fieldtrials=CTRequiredForEVTrial/RequirementEnforced/ChromeSuggestions/Default/DomRel-Enable/enable/EmbeddedSearch/Group15,pct:1f,stable:pp2,prefetch_results:1,reuse_instant_search_base_page:1/EnhancedBookmarks/Default/ExtensionContentVerification/Enforce/ExtensionInstallVerification/None/GoogleNow/Enable/NewProfileManagement/Enabled/OmniboxBundledExperimentV1/NewSuggestType_A6_Stable_R2/PasswordGeneration/Disabled/QUIC/Disabled/RefreshTokenDeviceId/Disabled/RememberCertificateErrorDecisions/Default/SafeBrowsingIncidentReportingService/Default/SettingsEnforcement/no_enforcement/UMA-Dynamic-Binary-Uniformity-Trial/default/UMA-Dynamic-Uniformity-Trial/Group3/UMA-Population-Restrict/normal/UMA-Uniformity-Trial-1-Percent/group_67/UMA-Uniformity-Trial-10-Percent/group_03/UMA-Uniformity-Trial-100-Percent/group_01/UMA-Uniformity-Trial-20-Percent/group_03/UMA-Uniformity-Trial-5-Percent/group_05/UMA-Uniformity-Trial-50-Percent/default/UwSInterstitialStatus/On/VoiceTrigger/Install/WebRTC-IPv6Default/Disabled/,--enable-offline-auto-reload,--enable-offline-auto-reload-visible-only,--enable-pinch-virtual-viewport,--enable-delegated-renderer,--num-raster-threads=1,--disable-accelerated-video-decode,--channel=327.11.504945865
Karthik,504,0.0,0.5,3643040,38312,??,S,Thu11AM,1:02.77,/Applications/Google,Chrome.app/Contents/Versions/41.0.2272.104/Google,Chrome,Helper.app/Contents/MacOS/Google,Chrome,Helper,--type=renderer,--enable-deferred-image-decoding,--lang=en-US,--force-fieldtrials=CTRequiredForEVTrial/RequirementEnforced/ChromeSuggestions/Default/DomRel-Enable/enable/EmbeddedSearch/Group15,pct:1f,stable:pp2,prefetch_results:1,reuse_instant_search_base_page:1/EnhancedBookmarks/Default/ExtensionContentVerification/Enforce/ExtensionInstallVerification/None/GoogleNow/Enable/NewProfileManagement/Enabled/OmniboxBundledExperimentV1/NewSuggestType_A6_Stable_R2/PasswordGeneration/Disabled/QUIC/Disabled/RefreshTokenDeviceId/Disabled/RememberCertificateErrorDecisions/Default/SafeBrowsingIncidentReportingService/Default/SettingsEnforcement/no_enforcement/UMA-Dynamic-Binary-Uniformity-Trial/default/UMA-Dynamic-Uniformity-Trial/Group3/UMA-Population-Restrict/normal/UMA-Uniformity-Trial-1-Percent/group_67/UMA-Uniformity-Trial-10-Percent/group_03/UMA-Uniformity-Trial-100-Percent/group_01/UMA-Uniformity-Trial-20-Percent/group_03/UMA-Uniformity-Trial-5-Percent/group_05/UMA-Uniformity-Trial-50-Percent/default/UwSInterstitialStatus/On/VoiceTrigger/Install/WebRTC-IPv6Default/Disabled/,--enable-offline-auto-reload,--enable-offline-auto-reload-visible-only,--enable-pinch-virtual-viewport,--enable-delegated-renderer,--num-raster-threads=1,--disable-accelerated-video-decode,--channel=327.10.1091689947
Karthik,498,0.0,0.0,2543468,592,??,Ss,Thu11AM,0:00.18,/System/Library/PrivateFrameworks/CloudDocsDaemon.framework/XPCServices/ContainerMetadataExtractor.xpc/Contents/MacOS/ContainerMetadataExtractor
Karthik,491,0.0,0.5,3424224,38324,??,S,Thu11AM,5:26.54,/Applications/Google,Chrome.app/Contents/Versions/41.0.2272.104/Google,Chrome,Helper.app/Contents/MacOS/Google,Chrome,Helper,--type=renderer,--enable-deferred-image-decoding,--lang=en-US,--force-fieldtrials=CTRequiredForEVTrial/RequirementEnforced/ChromeSuggestions/Default/DomRel-Enable/enable/EmbeddedSearch/Group15,pct:1f,stable:pp2,prefetch_results:1,reuse_instant_search_base_page:1/EnhancedBookmarks/Default/ExtensionContentVerification/Enforce/ExtensionInstallVerification/None/GoogleNow/Enable/NewProfileManagement/Enabled/OmniboxBundledExperimentV1/NewSuggestType_A6_Stable_R2/PasswordGeneration/Disabled/QUIC/Disabled/RefreshTokenDeviceId/Disabled/RememberCertificateErrorDecisions/Default/SafeBrowsingIncidentReportingService/Default/SettingsEnforcement/no_enforcement/UMA-Dynamic-Binary-Uniformity-Trial/default/UMA-Dynamic-Uniformity-Trial/Group3/UMA-Population-Restrict/normal/UMA-Uniformity-Trial-1-Percent/group_67/UMA-Uniformity-Trial-10-Percent/group_03/UMA-Uniformity-Trial-100-Percent/group_01/UMA-Uniformity-Trial-20-Percent/group_03/UMA-Uniformity-Trial-5-Percent/group_05/UMA-Uniformity-Trial-50-Percent/default/UwSInterstitialStatus/On/VoiceTrigger/Install/WebRTC-IPv6Default/Disabled/,--enable-offline-auto-reload,--enable-offline-auto-reload-visible-only,--enable-pinch-virtual-viewport,--enable-delegated-renderer,--num-raster-threads=1,--disable-accelerated-video-decode,--channel=327.8.1515745097
Karthik,490,0.0,0.0,2541832,2124,??,S,Thu11AM,0:00.24,/System/Library/Frameworks/InputMethodKit.framework/Versions/A/XPCServices/com.apple.InputMethodKit.UserDictionary.xpc/Contents/MacOS/com.apple.InputMethodKit.UserDictionary
Karthik,485,0.0,0.0,2604604,4152,??,S,Thu11AM,0:11.42,/System/Library/Services/AppleSpell.service/Contents/MacOS/AppleSpell,-psn_0_213044
Karthik,476,0.0,0.7,3969168,60592,??,S,Thu11AM,1:03.48,/Applications/Google,Chrome.app/Contents/Versions/41.0.2272.104/Google,Chrome,Helper.app/Contents/MacOS/Google,Chrome,Helper,--type=renderer,--enable-deferred-image-decoding,--lang=en-US,--force-fieldtrials=CTRequiredForEVTrial/RequirementEnforced/ChromeSuggestions/Default/DomRel-Enable/enable/EmbeddedSearch/Group15,pct:1f,stable:pp2,prefetch_results:1,reuse_instant_search_base_page:1/EnhancedBookmarks/Default/ExtensionContentVerification/Enforce/ExtensionInstallVerification/None/GoogleNow/Enable/NewProfileManagement/Enabled/PasswordGeneration/Disabled/QUIC/Disabled/RememberCertificateErrorDecisions/Default/SafeBrowsingIncidentReportingService/Default/SettingsEnforcement/no_enforcement/UMA-Dynamic-Binary-Uniformity-Trial/default/UMA-Dynamic-Uniformity-Trial/Group3/UMA-Population-Restrict/normal/UMA-Uniformity-Trial-1-Percent/group_67/UMA-Uniformity-Trial-10-Percent/group_03/UMA-Uniformity-Trial-100-Percent/group_01/UMA-Uniformity-Trial-20-Percent/group_03/UMA-Uniformity-Trial-5-Percent/group_05/UMA-Uniformity-Trial-50-Percent/default/UwSInterstitialStatus/On/VoiceTrigger/Install/WebRTC-IPv6Default/Disabled/,--extension-process,--enable-webrtc-hw-h264-encoding,--enable-offline-auto-reload,--enable-offline-auto-reload-visible-only,--enable-pinch-virtual-viewport,--enable-delegated-renderer,--num-raster-threads=1,--disable-accelerated-video-decode,--channel=327.1.1877302021
Karthik,473,0.0,0.0,2539752,2092,??,Ss,Thu11AM,0:00.30,/System/Library/PrivateFrameworks/WeatherKit.framework/Versions/A/XPCServices/com.apple.WeatherKitService.xpc/Contents/MacOS/com.apple.WeatherKitService
Karthik,462,0.0,0.0,2513956,56,??,Ss,Thu11AM,0:00.05,/System/Library/CoreServices/NotificationCenter.app/Contents/XPCServices/com.apple.notificationcenterui.WeatherSummary.xpc/Contents/MacOS/com.apple.notificationcenterui.WeatherSummary
Karthik,459,0.0,0.0,2576560,2272,??,S,Thu11AM,0:00.67,/System/Library/Frameworks/ApplicationServices.framework/Versions/A/Frameworks/SpeechSynthesis.framework/Versions/A/SpeechSynthesisServer.app/Contents/MacOS/SpeechSynthesisServer,launchd
Karthik,450,0.0,0.0,2514108,804,??,S,Thu11AM,0:00.07,/System/Library/Frameworks/Security.framework/Versions/A/Resources/CloudKeychainProxy.bundle/Contents/MacOS/CloudKeychainProxy
Karthik,445,0.0,0.3,938000,28620,??,S,Thu11AM,1:22.08,/Applications/Dropbox.app/Contents/MacOS/Dropbox
Karthik,444,0.0,0.0,719596,2532,??,S,Thu11AM,0:02.73,/Users/Karthik/Library/Application,Support/Google/Android,File,Transfer/Android,File,Transfer,Agent.app/Contents/MacOS/Android,File,Transfer,Agent
Karthik,443,0.0,0.0,2545072,2540,??,S,Thu11AM,0:00.43,/Users/Karthik/Library/Application,Support/Sony,Ericsson,Bridge,for,Mac/Sony,Ericsson,Bridge,Helper.app/Contents/MacOS/Sony,Ericsson,Bridge,Helper
Karthik,436,0.0,0.0,2543484,1056,??,S,Thu11AM,0:00.23,/Applications/iTunes.app/Contents/MacOS/iTunesHelper.app/Contents/MacOS/iTunesHelper
Karthik,423,0.0,0.0,2539556,2884,??,S,Thu11AM,0:02.20,/System/Library/CoreServices/diagnostics_agent
Karthik,422,0.0,0.0,2576988,3276,??,S,Thu11AM,0:01.20,/System/Library/CoreServices/WiFiAgent.app/Contents/MacOS/WiFiAgent
Karthik,418,0.0,0.0,2537112,1876,??,S,Thu11AM,0:00.31,/System/Library/CoreServices/cloudpaird
Karthik,416,0.0,0.1,2588800,4744,??,S,Thu11AM,0:01.70,com.apple.photostream-agent
Karthik,415,0.0,0.0,2537144,648,??,S,Thu11AM,0:00.11,/System/Library/PrivateFrameworks/AskPermission.framework/Versions/A/Resources/askpermissiond
Karthik,411,0.0,0.0,2540948,1788,??,S,Thu11AM,0:00.43,/System/Library/CoreServices/AppleIDAuthAgent
Karthik,409,0.0,0.0,666944,140,??,S,Thu11AM,0:00.05,/Applications/MBlaze,UI/app/UDiskService
Karthik,405,0.0,0.0,2585524,2420,??,S,Thu11AM,0:00.67,/System/Library/CoreServices/Keychain,Circle,Notification.app/Contents/MacOS/Keychain,Circle,Notification
Karthik,403,0.0,0.0,2539072,3672,??,S,Thu11AM,0:01.05,/System/Library/CoreServices/SocialPushAgent.app/Contents/MacOS/SocialPushAgent
Karthik,400,0.0,0.0,2518292,396,??,S,Thu11AM,0:00.05,/usr/libexec/spindump_agent
Karthik,399,0.0,0.1,2681280,5784,??,S,Thu11AM,0:22.39,/Library/Application,Support/ArcSoft/esinter/esinter.app/Contents/MacOS/esinter
Karthik,396,0.0,0.0,2514044,432,??,Ss,Thu11AM,0:00.05,/System/Library/PrivateFrameworks/IMFoundation.framework/XPCServices/IMRemoteURLConnectionAgent.xpc/Contents/MacOS/IMRemoteURLConnectionAgent
Karthik,395,0.0,0.0,2537628,988,??,Ss,Thu11AM,0:00.09,/System/Library/Frameworks/AddressBook.framework/Versions/A/XPCServices/com.apple.AddressBook.InternetAccountsBridge.xpc/Contents/MacOS/com.apple.AddressBook.InternetAccountsBridge
Karthik,392,0.0,0.1,2605104,6860,??,S,Thu11AM,0:09.29,/System/Library/Input,Methods/DictationIM.app/Contents/MacOS/DictationIM
Karthik,391,0.0,0.0,2537288,472,??,S,Thu11AM,0:00.27,/System/Library/Frameworks/InputMethodKit.framework/Resources/imklaunchagent
Karthik,389,0.0,0.0,2542024,3228,??,S,Thu11AM,0:00.54,/System/Library/PrivateFrameworks/CommerceKit.framework/Versions/A/Resources/storeaccountd
Karthik,386,0.0,0.0,2545748,2188,??,S,Thu11AM,0:01.06,/System/Library/PrivateFrameworks/ParsecUI.framework/Versions/A/Support/SpotlightNetHelper.app/Contents/MacOS/SpotlightNetHelper
Karthik,385,0.0,0.0,2537032,1796,??,Ss,Thu11AM,0:00.95,/System/Library/CoreServices/Menu,Extras/AirPort.menu/Contents/XPCServices/com.apple.wifi.proxy.xpc/Contents/MacOS/com.apple.wifi.proxy
Karthik,380,0.0,0.2,3722640,12840,??,S,Thu11AM,0:10.05,/System/Library/CoreServices/Spotlight.app/Contents/MacOS/Spotlight
Karthik,378,0.0,0.1,2558792,6388,??,S,Thu11AM,0:37.53,/System/Library/PrivateFrameworks/CloudKitDaemon.framework/Support/cloudd
Karthik,377,0.0,0.0,2545472,1636,??,S,Thu11AM,0:00.28,/System/Library/PrivateFrameworks/CallHistory.framework/Support/CallHistorySyncHelper
Karthik,376,0.0,0.0,2545452,564,??,S,Thu11AM,0:00.12,/System/Library/PrivateFrameworks/CallHistory.framework/Support/CallHistoryPluginHelper
Karthik,375,0.0,0.2,2576732,14044,??,S,Thu11AM,0:04.36,/System/Library/PrivateFrameworks/MessagesKit.framework/Resources/soagent.app/Contents/MacOS/soagent
Karthik,372,0.0,0.0,2538108,1356,??,S,Thu11AM,0:00.41,/usr/libexec/fmfd
Karthik,371,0.0,0.1,2543748,4656,??,S,Thu11AM,0:18.47,/System/Library/Frameworks/Accounts.framework/Versions/A/Support/accountsd
Karthik,370,0.0,0.0,2593508,4192,??,Ss,Thu11AM,0:01.67,/System/Library/CoreServices/Dock.app/Contents/XPCServices/com.apple.dock.extra.xpc/Contents/MacOS/com.apple.dock.extra
Karthik,369,0.0,0.0,2539720,1988,??,S,Thu11AM,0:03.82,/System/Library/CoreServices/lsuseractivityd
Karthik,367,0.0,0.0,2616848,1416,??,S,Thu11AM,0:01.56,/System/Library/CoreServices/iconservicesagent
Karthik,364,0.0,0.0,2537904,1132,??,S,Thu11AM,0:00.12,/System/Library/PrivateFrameworks/IMDPersistence.framework/XPCServices/IMDPersistenceAgent.xpc/Contents/MacOS/IMDPersistenceAgent
Karthik,363,0.0,0.0,2540496,3576,??,S,Thu11AM,0:01.40,/System/Library/PrivateFrameworks/IMCore.framework/imagent.app/Contents/MacOS/imagent
Karthik,361,0.0,0.0,2573892,3448,??,S,Thu11AM,0:23.84,/System/Library/Frameworks/ApplicationServices.framework/Frameworks/ATS.framework/Support/fontd
Karthik,360,0.0,0.2,2567504,16196,??,S,Thu11AM,0:04.85,/System/Library/PrivateFrameworks/TelephonyUtilities.framework/callservicesd
Karthik,359,0.0,0.1,2520608,4240,??,S,Thu11AM,0:02.76,/usr/libexec/nsurlstoraged
Karthik,357,0.0,0.1,2598596,6652,??,S,Thu11AM,0:03.98,/System/Library/PrivateFrameworks/InternetAccounts.framework/Versions/A/XPCServices/com.apple.internetaccounts.xpc/Contents/MacOS/com.apple.internetaccounts
Karthik,356,0.0,0.0,2539244,1920,??,S,Thu11AM,0:03.89,/usr/libexec/secd
Karthik,355,0.0,0.1,2552560,4296,??,S,Thu11AM,0:04.52,/System/Library/PrivateFrameworks/IDS.framework/identityservicesd.app/Contents/MacOS/identityservicesd
Karthik,354,0.0,0.0,2504444,32,??,S,Thu11AM,0:00.02,/usr/sbin/pboard
Karthik,352,0.0,0.2,2549596,13744,??,Ss,Thu11AM,0:17.96,/System/Library/PrivateFrameworks/CalendarAgent.framework/Versions/A/XPCServices/CalNCService.xpc/Contents/MacOS/CalNCService
Karthik,351,0.0,0.1,2551340,4384,??,S,Thu11AM,0:02.11,/System/Library/PrivateFrameworks/CloudDocsDaemon.framework/Versions/A/Support/bird
Karthik,350,0.0,0.0,2541232,616,??,S,Thu11AM,0:00.41,/System/Library/CoreServices/pbs
Karthik,347,0.0,0.0,2576332,2812,??,S,Thu11AM,0:01.17,/System/Library/CoreServices/AirPlayUIAgent.app/Contents/MacOS/AirPlayUIAgent,--launchd
Karthik,346,0.0,0.0,2545016,3892,??,S,Thu11AM,0:01.94,/usr/libexec/pkd
Karthik,345,0.0,0.0,2546300,1688,??,S,Thu11AM,0:01.24,/System/Library/PrivateFrameworks/TCC.framework/Resources/tccd
Karthik,344,0.0,0.0,2540224,3460,??,U,Thu11AM,0:01.84,/usr/libexec/secinitd
Karthik,343,0.0,0.1,2553920,5376,??,S,Thu11AM,0:05.37,/usr/libexec/sharingd
Karthik,342,0.0,0.0,2546956,3464,??,S,Thu11AM,0:04.47,/usr/libexec/nsurlsessiond
Karthik,341,0.0,0.3,2581584,24720,??,S,Thu11AM,1:02.97,/System/Library/PrivateFrameworks/CalendarAgent.framework/Executables/CalendarAgent
Karthik,340,0.0,0.1,2540764,4476,??,S,Thu11AM,0:06.93,/usr/sbin/usernoted
Karthik,331,0.0,0.1,2621976,10404,??,S,Thu11AM,0:13.12,/System/Library/CoreServices/SystemUIServer.app/Contents/MacOS/SystemUIServer
Karthik,329,0.0,0.5,2803864,42656,??,U,Thu11AM,0:27.67,/System/Library/CoreServices/Dock.app/Contents/MacOS/Dock
Karthik,328,0.0,0.6,2850368,46200,??,S,Thu11AM,1:23.72,/Applications/iTunes.app/Contents/MacOS/iTunes,-psn_0_40970
Karthik,319,0.0,0.1,2529600,4924,??,S,Thu11AM,0:19.37,/usr/sbin/cfprefsd,agent
Karthik,318,0.0,0.0,2544168,1920,??,S,Thu11AM,0:03.38,/usr/sbin/universalaccessd,launchd,-s
Karthik,317,0.0,0.1,2521084,6892,??,U,Thu11AM,0:54.19,/usr/sbin/distnoted,agent
Karthik,315,0.0,0.0,2543056,3376,??,S,Thu11AM,0:03.69,/usr/libexec/UserEventAgent,(Aqua)
Karthik,67,0.0,0.2,2646344,14016,??,Ss,Thu11AM,0:22.41,/System/Library/CoreServices/loginwindow.app/Contents/MacOS/loginwindow,console
Karthik,14847,0.0,0.1,2521108,7692,??,S,8:35AM,0:00.07,/System/Library/PrivateFrameworks/AOSKit.framework/Versions/A/XPCServices/com.apple.iCloudHelper.xpc/Contents/MacOS/com.apple.iCloudHelper
Karthik,14781,0.0,1.1,3412396,92788,??,S,8:28AM,0:04.68,/Applications/Google,Chrome.app/Contents/Versions/41.0.2272.104/Google,Chrome,Helper.app/Contents/MacOS/Google,Chrome,Helper,--type=renderer,--enable-deferred-image-decoding,--lang=en-US,--force-fieldtrials=CTRequiredForEVTrial/RequirementEnforced/ChromeSuggestions/Default/DomRel-Enable/enable/EmbeddedSearch/Group15,pct:1f,stable:pp2,prefetch_results:1,reuse_instant_search_base_page:1/EnhancedBookmarks/Default/ExtensionContentVerification/Enforce/ExtensionInstallVerification/None/FlashHardwareVideoDecode/Disabled/GoogleNow/Enable/NewProfileManagement/Enabled/OmniboxBundledExperimentV1/NewSuggestType_A6_Stable_R2/PasswordGeneration/Disabled/PasswordManagerUI/Infobar/PrerenderFromOmnibox/OmniboxPrerenderEnabled/QUIC/Disabled/RefreshTokenDeviceId/Disabled/RememberCertificateErrorDecisions/Default/SafeBrowsingIncidentReportingService/Default/SettingsEnforcement/no_enforcement/UMA-Dynamic-Binary-Uniformity-Trial/default/UMA-Dynamic-Uniformity-Trial/Group3/UMA-Population-Restrict/normal/UMA-Uniformity-Trial-1-Percent/group_67/UMA-Uniformity-Trial-10-Percent/group_03/UMA-Uniformity-Trial-100-Percent/group_01/UMA-Uniformity-Trial-20-Percent/group_03/UMA-Uniformity-Trial-5-Percent/group_05/UMA-Uniformity-Trial-50-Percent/default/UwSInterstitialStatus/On/VoiceTrigger/Install/WebRTC-IPv6Default/Disabled/,--enable-offline-auto-reload,--enable-offline-auto-reload-visible-only,--enable-pinch-virtual-viewport,--enable-delegated-renderer,--num-raster-threads=1,--disable-accelerated-video-decode,--channel=327.268.606150210
Karthik,14686,0.0,0.4,3642668,32980,??,Ss,8:16AM,0:00.74,/System/Library/Frameworks/QuickLook.framework/Versions/A/Resources/quicklookd.app/Contents/XPCServices/QuickLookSatellite.xpc/Contents/MacOS/QuickLookSatellite
Karthik,14685,0.0,0.2,3066464,15212,??,S,8:16AM,0:00.30,/System/Library/Frameworks/QuickLook.framework/Resources/quicklookd.app/Contents/MacOS/quicklookd
Karthik,14668,0.0,0.1,2533964,9804,??,S,8:15AM,0:00.05,/System/Library/Frameworks/CoreServices.framework/Frameworks/Metadata.framework/Versions/A/Support/mdworker,-s,mdworker,-c,MDSImporterWorker,-m,com.apple.mdworker.single
Karthik,14417,0.0,0.5,3303408,44572,??,S,7:49AM,0:00.57,/Applications/Google,Chrome.app/Contents/Versions/41.0.2272.104/Google,Chrome,Helper.app/Contents/MacOS/Google,Chrome,Helper,--type=renderer,--enable-deferred-image-decoding,--lang=en-US,--force-fieldtrials=CTRequiredForEVTrial/RequirementEnforced/ChromeSuggestions/Default/DomRel-Enable/enable/EmbeddedSearch/Group15,pct:1f,stable:pp2,prefetch_results:1,reuse_instant_search_base_page:1/EnhancedBookmarks/Default/ExtensionContentVerification/Enforce/ExtensionInstallVerification/None/FlashHardwareVideoDecode/Disabled/GoogleNow/Enable/NewProfileManagement/Enabled/OmniboxBundledExperimentV1/NewSuggestType_A6_Stable_R2/PasswordGeneration/Disabled/PasswordManagerUI/Infobar/PrerenderFromOmnibox/OmniboxPrerenderEnabled/QUIC/Disabled/RefreshTokenDeviceId/Disabled/RememberCertificateErrorDecisions/Default/SafeBrowsingIncidentReportingService/Default/SettingsEnforcement/no_enforcement/UMA-Dynamic-Binary-Uniformity-Trial/default/UMA-Dynamic-Uniformity-Trial/Group3/UMA-Population-Restrict/normal/UMA-Uniformity-Trial-1-Percent/group_67/UMA-Uniformity-Trial-10-Percent/group_03/UMA-Uniformity-Trial-100-Percent/group_01/UMA-Uniformity-Trial-20-Percent/group_03/UMA-Uniformity-Trial-5-Percent/group_05/UMA-Uniformity-Trial-50-Percent/default/UwSInterstitialStatus/On/VoiceTrigger/Install/WebRTC-IPv6Default/Disabled/,--extension-process,--enable-webrtc-hw-h264-encoding,--enable-offline-auto-reload,--enable-offline-auto-reload-visible-only,--enable-pinch-virtual-viewport,--enable-delegated-renderer,--num-raster-threads=1,--disable-accelerated-video-decode,--channel=327.267.224906626
Karthik,14336,0.0,0.5,2612532,39320,??,S,7:43AM,0:08.71,/Users/Karthik/Downloads/Applications/BetterTouchTool.app/Contents/MacOS/BetterTouchTool
Karthik,14186,0.0,0.0,2528828,588,??,S,1:55AM,0:00.02,/System/Library/PrivateFrameworks/HelpData.framework/Versions/A/Resources/helpd
Karthik,13202,0.0,0.0,717516,2988,??,S,12:22AM,0:00.19,/Library/Application,Support/Microsoft/MAU2.0/Microsoft,AutoUpdate.app/Contents/MacOS/Microsoft,AU,Daemon.app/Contents/MacOS/Microsoft,AU,Daemon
Karthik,13198,0.0,0.2,992892,13284,??,S,12:22AM,0:04.52,/Applications/Microsoft,Office,2011/Microsoft,Excel.app/Contents/MacOS/Microsoft,Excel
Karthik,12694,0.0,0.3,3836268,22868,??,S,11:13PM,0:04.86,/Applications/LimeChat.app/Contents/MacOS/LimeChat
Karthik,11834,0.0,0.1,757716,6148,??,S,10:02PM,0:03.59,/Applications/Utilities/Adobe,Application,Manager/UWA/AAM,Updates,Notifier.app/Contents/MacOS/AAM,Updates,Notifier
Karthik,11616,0.0,0.0,2600524,3184,??,Ss,9:46PM,0:00.57,/Applications/Dropbox.app/Contents/PlugIns/garcon.appex/Contents/MacOS/garcon
Karthik,11454,0.0,0.0,2536064,3040,??,S,9:38PM,0:02.70,/Applications/Sublime,Text.app/Contents/MacOS/plugin_host,11452
Karthik,11039,0.0,0.0,2592332,3200,??,Ss,8:45PM,0:00.63,/Applications/Dropbox.app/Contents/PlugIns/garcon.appex/Contents/MacOS/garcon
Karthik,10890,0.0,0.0,2541084,700,??,Ss,8:35PM,0:00.05,/System/Library/PrivateFrameworks/SafariServices.framework/Versions/A/XPCServices/com.apple.SafariServices.xpc/Contents/MacOS/com.apple.SafariServices
